variant_raw,customer,anomaly_type,consensus_rank_raw,row_raw,timestamp,consensus_score_raw,available_method_count_raw,missing_method_count_raw,methods_available_raw,methods_missing_raw,methods_in_top_k_raw,methods_triggered_raw,best_method_rank_raw,variant_log1p,consensus_rank_log1p,row_log1p,consensus_score_log1p,available_method_count_log1p,missing_method_count_log1p,methods_available_log1p,methods_missing_log1p,methods_in_top_k_log1p,methods_triggered_log1p,best_method_rank_log1p
raw,620000,contextual_point,1,531,2024-04-15,0.9973539272030651,5,0,dp;zms;units;isolation_forest;calf,,5,dp;zms;units;isolation_forest;calf,1.0,log1p,5,531,0.94481561302682,5,0,dp;zms;units;isolation_forest;calf,,3,dp;zms;units,13.0
raw,620000,contextual_point,3,580,2024-06-03,0.9939792008757524,3,2,dp;zms;isolation_forest,units;calf,3,dp;zms;isolation_forest,3.0,log1p,2,580,0.9939792008757524,3,2,dp;zms;isolation_forest,units;calf,3,dp;zms;isolation_forest,1.0
raw,620000,contextual_point,5,97,2023-02-06,0.9761562671045428,5,0,dp;zms;units;isolation_forest;calf,,4,dp;zms;units;calf,7.0,log1p,11,97,0.9062773672687464,5,0,dp;zms;units;isolation_forest;calf,,0,,
raw,620000,contextual_point,8,391,2023-11-27,0.9553708264915162,5,0,dp;zms;units;isolation_forest;calf,,2,dp;zms,12.0,log1p,13,391,0.8900656814449919,5,0,dp;zms;units;isolation_forest;calf,,1,units,19.0
raw,620000,contextual_point,9,581,2024-06-04,0.9507389162561576,3,2,dp;zms;isolation_forest,units;calf,2,dp;isolation_forest,5.0,log1p,10,581,0.909688013136289,3,2,dp;zms;isolation_forest,units;calf,2,zms;isolation_forest,4.0
raw,620000,contextual_point,11,489,2024-03-04,0.9486829501915708,5,0,dp;zms;units;isolation_forest;calf,,4,dp;zms;units;calf,10.0,log1p,14,489,0.8900485769020252,5,0,dp;zms;units;isolation_forest;calf,,0,,
raw,620000,contextual_point,14,561,2024-05-15,0.9296917761357416,5,0,dp;zms;units;isolation_forest;calf,,0,,,log1p,20,561,0.8720785440613026,5,0,dp;zms;units;isolation_forest;calf,,2,units;calf,22.0
raw,620000,contextual_point,16,461,2024-02-05,0.9270354406130268,5,0,dp;zms;units;isolation_forest;calf,,1,units,9.0,log1p,21,461,0.8659191981390257,5,0,dp;zms;units;isolation_forest;calf,,0,,
raw,620000,contextual_point,17,570,2024-05-24,0.9166529830322936,5,0,dp;zms;units;isolation_forest;calf,,2,dp;zms,25.0,log1p,15,570,0.8866789819376025,5,0,dp;zms;units;isolation_forest;calf,,2,units;isolation_forest,8.0
raw,620000,contextual_point,18,111,2023-02-20,0.915382115489874,5,0,dp;zms;units;isolation_forest;calf,,0,,,log1p,23,111,0.8626949917898192,5,0,dp;zms;units;isolation_forest;calf,,0,,
raw,620000,contextual_point,21,596,2024-06-19,0.8990147783251232,3,2,dp;zms;isolation_forest,units;calf,0,,,log1p,1,596,0.9967159277504104,3,2,dp;zms;isolation_forest,units;calf,3,dp;zms;isolation_forest,1.0
raw,620000,global_point,1,584,2024-06-07,0.9994444444444444,3,2,itrans;datamole;gpt4ts,calf;units,3,itrans;datamole;gpt4ts,1.0,log1p,16,584,0.8955555555555555,3,2,itrans;datamole;gpt4ts,calf;units,2,datamole;gpt4ts,3.0
raw,620000,global_point,2,531,2024-04-15,0.9969861111111112,5,0,itrans;calf;units;datamole;gpt4ts,,5,itrans;calf;units;datamole;gpt4ts,1.0,log1p,4,531,0.9559305555555556,5,0,itrans;calf;units;datamole;gpt4ts,,2,units;gpt4ts,13.0
raw,620000,global_point,3,580,2024-06-03,0.9916666666666668,3,2,itrans;datamole;gpt4ts,calf;units,3,itrans;datamole;gpt4ts,2.0,log1p,12,580,0.9261111111111112,3,2,itrans;datamole;gpt4ts,calf;units,2,datamole;gpt4ts,5.0
raw,620000,global_point,5,582,2024-06-05,0.9705555555555556,3,2,itrans;datamole;gpt4ts,calf;units,2,itrans;datamole,1.0,log1p,21,582,0.8744444444444445,3,2,itrans;datamole;gpt4ts,calf;units,1,gpt4ts,21.0
raw,620000,global_point,9,521,2024-04-05,0.9327361111111112,5,0,itrans;calf;units;datamole;gpt4ts,,2,calf;gpt4ts,3.0,log1p,18,521,0.8865555555555555,5,0,itrans;calf;units;datamole;gpt4ts,,0,,
raw,620000,global_point,13,563,2024-05-17,0.9116388888888888,5,0,itrans;calf;units;datamole;gpt4ts,,1,gpt4ts,25.0,log1p,6,563,0.9531805555555556,5,0,itrans;calf;units;datamole;gpt4ts,,2,calf;gpt4ts,19.0
raw,620000,global_point,16,402,2023-12-08,0.8994027777777778,5,0,itrans;calf;units;datamole;gpt4ts,,3,itrans;calf;units,6.0,log1p,10,402,0.9289166666666666,5,0,itrans;calf;units;datamole;gpt4ts,,2,units;gpt4ts,13.0
raw,620000,global_point,20,585,2024-06-08,0.8694444444444445,3,2,itrans;datamole;gpt4ts,calf;units,1,datamole,23.0,log1p,15,585,0.905,3,2,itrans;datamole;gpt4ts,calf;units,0,,
raw,620000,global_point,21,561,2024-05-15,0.868736111111111,5,0,itrans;calf;units;datamole;gpt4ts,,2,itrans;gpt4ts,14.0,log1p,25,561,0.8700555555555555,5,0,itrans;calf;units;datamole;gpt4ts,,3,calf;units;gpt4ts,15.0
raw,620000,global_point,22,595,2024-06-18,0.8594444444444443,3,2,itrans;datamole;gpt4ts,calf;units,1,datamole,16.0,log1p,3,595,0.9627777777777776,3,2,itrans;datamole;gpt4ts,calf;units,2,datamole;gpt4ts,12.0
raw,633000,contextual_point,1,531,2024-04-15,0.9983579638752051,5,0,dp;zms;units;isolation_forest;calf,,5,dp;zms;units;isolation_forest;calf,1.0,log1p,3,531,0.9733579638752052,5,0,dp;zms;units;isolation_forest;calf,,3,dp;zms;isolation_forest,1.0
raw,633000,contextual_point,4,97,2023-02-06,0.982199302134647,5,0,dp;zms;units;isolation_forest;calf,,5,dp;zms;units;isolation_forest;calf,5.0,log1p,7,97,0.9271979337712096,5,0,dp;zms;units;isolation_forest;calf,,2,dp;zms,2.0
raw,633000,contextual_point,5,580,2024-06-03,0.9813902572523264,3,2,dp;zms;isolation_forest,units;calf,2,dp;zms,4.0,log1p,2,580,0.973727422003284,3,2,dp;zms;isolation_forest,units;calf,2,dp;zms,3.0
raw,633000,contextual_point,6,265,2023-07-24,0.9794317870826492,5,0,dp;zms;units;isolation_forest;calf,,4,dp;zms;units;calf,6.0,log1p,5,265,0.9518421592775042,5,0,dp;zms;units;isolation_forest;calf,,3,dp;zms;units,5.0
raw,633000,contextual_point,7,356,2023-10-23,0.9647081964969896,5,0,dp;zms;units;isolation_forest;calf,,3,dp;zms;units,10.0,log1p,12,356,0.8945231253420909,5,0,dp;zms;units;isolation_forest;calf,,2,dp;zms,6.0
raw,633000,contextual_point,9,596,2024-06-19,0.9455391351943075,3,2,dp;zms;isolation_forest,units;calf,1,isolation_forest,18.0,log1p,1,596,0.978927203065134,3,2,dp;zms;isolation_forest,units;calf,3,dp;zms;isolation_forest,3.0
raw,633000,contextual_point,11,538,2024-04-22,0.9326970443349756,5,0,dp;zms;units;isolation_forest;calf,,3,dp;zms;units,3.0,log1p,14,538,0.8845460454296662,5,0,dp;zms;units;isolation_forest;calf,,3,dp;zms;units,4.0
raw,633000,contextual_point,12,311,2023-09-08,0.9294642857142856,5,0,dp;zms;units;isolation_forest;calf,,1,units,16.0,log1p,4,311,0.9671849343185548,5,0,dp;zms;units;isolation_forest;calf,,4,dp;zms;units;isolation_forest,8.0
raw,633000,contextual_point,13,55,2022-12-26,0.92702346743295,5,0,dp;zms;units;isolation_forest;calf,,3,dp;zms;units,11.0,log1p,23,55,0.8347376163108923,5,0,dp;zms;units;isolation_forest;calf,,2,dp;zms,9.0
raw,633000,contextual_point,14,153,2023-04-03,0.9251642036124796,5,0,dp;zms;units;isolation_forest;calf,,3,dp;zms;units,5.0,log1p,16,153,0.8709701696770663,5,0,dp;zms;units;isolation_forest;calf,,3,dp;zms;units,7.0
raw,633000,contextual_point,16,489,2024-03-04,0.9216663245758074,5,0,dp;zms;units;isolation_forest;calf,,2,dp;zms,21.0,log1p,8,489,0.9188492063492064,5,0,dp;zms;units;isolation_forest;calf,,3,dp;zms;units,10.0
raw,633000,contextual_point,17,570,2024-05-24,0.9204142720306512,5,0,dp;zms;units;isolation_forest;calf,,3,dp;zms;units,20.0,log1p,21,570,0.8407481527093597,5,0,dp;zms;units;isolation_forest;calf,,1,isolation_forest,14.0
raw,633000,contextual_point,22,573,2024-05-27,0.8783798576902025,5,0,dp;zms;units;isolation_forest;calf,,0,,,log1p,11,573,0.8973334017515052,5,0,dp;zms;units;isolation_forest;calf,,2,dp;zms,11.0
raw,633000,global_point,15,485,2024-02-29,0.8692777777777778,5,0,itrans;calf;units;datamole;gpt4ts,,2,calf;units,9.0,log1p,18,485,0.817,5,0,itrans;calf;units;datamole;gpt4ts,,2,itrans;units,3.0
raw,633000,global_point,23,190,2023-05-10,0.8246249999999999,5,0,itrans;calf;units;datamole;gpt4ts,,1,datamole,16.0,log1p,2,190,0.9392083333333334,5,0,itrans;calf;units;datamole;gpt4ts,,1,calf,5.0
raw,633000,subsequence_pattern,6,521,2024-04-05,0.925028804050356,5,0,kmeans;dwt;calf;itrans;ocsvm,,1,ocsvm,18.0,log1p,5,521,0.8571155582922824,5,0,kmeans;dwt;calf;itrans;ocsvm,,0,,
raw,633000,subsequence_pattern,13,392,2023-11-28,0.9032398056923918,5,0,kmeans;dwt;calf;itrans;ocsvm,,3,dwt;calf;ocsvm,1.0,log1p,15,392,0.8303936097427476,5,0,kmeans;dwt;calf;itrans;ocsvm,,0,,
raw,633000,subsequence_pattern,25,489,2024-03-04,0.8418623426382046,5,0,kmeans;dwt;calf;itrans;ocsvm,,0,,,log1p,9,489,0.8472510262725781,5,0,kmeans;dwt;calf;itrans;ocsvm,,0,,
raw,2968000,contextual_point,1,499,2024-03-14,0.9958384646962234,5,0,dp;zms;units;isolation_forest;calf,,5,dp;zms;units;isolation_forest;calf,2.0,log1p,4,499,0.967568076081007,5,0,dp;zms;units;isolation_forest;calf,,4,dp;zms;units;isolation_forest,3.0
raw,2968000,contextual_point,2,471,2024-02-15,0.995566502463054,5,0,dp;zms;units;isolation_forest;calf,,5,dp;zms;units;isolation_forest;calf,1.0,log1p,18,471,0.8732416529830322,5,0,dp;zms;units;isolation_forest;calf,,2,zms;units,10.0
raw,2968000,contextual_point,3,527,2024-04-11,0.9944632594417078,5,0,dp;zms;units;isolation_forest;calf,,5,dp;zms;units;isolation_forest;calf,1.0,log1p,14,527,0.9096777504105092,5,0,dp;zms;units;isolation_forest;calf,,2,zms;isolation_forest,7.0
raw,2968000,contextual_point,4,370,2023-11-06,0.993356595511768,5,0,dp;zms;units;isolation_forest;calf,,5,dp;zms;units;isolation_forest;calf,2.0,log1p,1,370,0.9969502599890532,5,0,dp;zms;units;isolation_forest;calf,,5,dp;zms;units;isolation_forest;calf,1.0
raw,2968000,contextual_point,5,321,2023-09-18,0.983410303776683,5,0,dp;zms;units;isolation_forest;calf,,4,dp;zms;units;calf,5.0,log1p,9,321,0.94688526272578,5,0,dp;zms;units;isolation_forest;calf,,4,dp;zms;units;isolation_forest,2.0
raw,2968000,contextual_point,7,577,2024-05-31,0.9792008757525998,3,2,dp;zms;isolation_forest,units;calf,3,dp;zms;isolation_forest,6.0,log1p,11,577,0.9282977558839628,3,2,dp;zms;isolation_forest,units;calf,1,zms,19.0
raw,2968000,contextual_point,8,367,2023-11-03,0.9740729337712098,5,0,dp;zms;units;isolation_forest;calf,,5,dp;zms;units;isolation_forest;calf,10.0,log1p,8,367,0.9519482074438972,5,0,dp;zms;units;isolation_forest;calf,,3,zms;units;calf,12.0
raw,2968000,contextual_point,9,337,2023-10-04,0.9718305281882867,5,0,dp;zms;units;isolation_forest;calf,,3,dp;zms;calf,5.0,log1p,22,337,0.8556735769020252,5,0,dp;zms;units;isolation_forest;calf,,1,zms,21.0
raw,2968000,contextual_point,10,596,2024-06-19,0.9663382594417076,3,2,dp;zms;isolation_forest,units;calf,2,dp;zms,14.0,log1p,2,596,0.9939792008757524,3,2,dp;zms;isolation_forest,units;calf,3,dp;zms;isolation_forest,2.0
raw,2968000,contextual_point,11,398,2023-12-04,0.962156198686371,5,0,dp;zms;units;isolation_forest;calf,,3,dp;zms;calf,11.0,log1p,10,398,0.9318897099069512,5,0,dp;zms;units;isolation_forest;calf,,3,dp;zms;units,4.0
raw,2968000,contextual_point,13,323,2023-09-20,0.9401785714285712,5,0,dp;zms;units;isolation_forest;calf,,2,units;isolation_forest,12.0,log1p,20,323,0.8579450602079912,5,0,dp;zms;units;isolation_forest;calf,,1,units,10.0
raw,2968000,contextual_point,14,479,2024-02-23,0.932915982484948,5,0,dp;zms;units;isolation_forest;calf,,0,,,log1p,21,479,0.8578783524904214,5,0,dp;zms;units;isolation_forest;calf,,1,calf,9.0
raw,2968000,contextual_point,16,580,2024-06-03,0.9326765188834152,3,2,dp;zms;isolation_forest,units;calf,0,,,log1p,3,580,0.986863711001642,3,2,dp;zms;isolation_forest,units;calf,3,dp;zms;isolation_forest,6.0
raw,2968000,contextual_point,18,573,2024-05-27,0.9273860837438423,5,0,dp;zms;units;isolation_forest;calf,,3,dp;zms;units,8.0,log1p,6,573,0.958184523809524,5,0,dp;zms;units;isolation_forest;calf,,3,dp;zms;units,2.0
raw,2968000,contextual_point,21,477,2024-02-21,0.923853995621237,5,0,dp;zms;units;isolation_forest;calf,,1,units,16.0,log1p,19,477,0.8610905856595512,5,0,dp;zms;units;isolation_forest;calf,,1,units,3.0
raw,2968000,contextual_point,24,475,2024-02-19,0.9102456212370004,5,0,dp;zms;units;isolation_forest;calf,,0,,,log1p,7,475,0.95523056923919,5,0,dp;zms;units;isolation_forest;calf,,3,dp;zms;units,11.0
raw,2968000,global_point,1,471,2024-02-15,0.9976666666666668,5,0,itrans;calf;units;datamole;gpt4ts,,5,itrans;calf;units;datamole;gpt4ts,1.0,log1p,1,471,0.9742777777777778,5,0,itrans;calf;units;datamole;gpt4ts,,4,itrans;units;datamole;gpt4ts,2.0
raw,2968000,global_point,2,499,2024-03-14,0.996625,5,0,itrans;calf;units;datamole;gpt4ts,,5,itrans;calf;units;datamole;gpt4ts,2.0,log1p,4,499,0.943513888888889,5,0,itrans;calf;units;datamole;gpt4ts,,3,itrans;units;gpt4ts,6.0
raw,2968000,global_point,3,370,2023-11-06,0.9946111111111112,5,0,itrans;calf;units;datamole;gpt4ts,,5,itrans;calf;units;datamole;gpt4ts,2.0,log1p,20,370,0.8569305555555555,5,0,itrans;calf;units;datamole;gpt4ts,,4,itrans;calf;units;gpt4ts,1.0
raw,2968000,global_point,4,527,2024-04-11,0.9944583333333332,5,0,itrans;calf;units;datamole;gpt4ts,,5,itrans;calf;units;datamole;gpt4ts,1.0,log1p,11,527,0.9204166666666664,5,0,itrans;calf;units;datamole;gpt4ts,,3,itrans;datamole;gpt4ts,1.0
raw,2968000,global_point,5,577,2024-05-31,0.9916666666666666,3,2,itrans;datamole;gpt4ts,calf;units,3,itrans;datamole;gpt4ts,5.0,log1p,2,577,0.9605555555555556,3,2,itrans;datamole;gpt4ts,calf;units,2,itrans;gpt4ts,2.0
raw,2968000,global_point,7,321,2023-09-18,0.9852083333333332,5,0,itrans;calf;units;datamole;gpt4ts,,5,itrans;calf;units;datamole;gpt4ts,5.0,log1p,7,321,0.9344583333333332,5,0,itrans;calf;units;datamole;gpt4ts,,3,units;datamole;gpt4ts,4.0
raw,2968000,global_point,8,337,2023-10-04,0.9782361111111112,5,0,itrans;calf;units;datamole;gpt4ts,,4,itrans;calf;datamole;gpt4ts,5.0,log1p,8,337,0.9344305555555554,5,0,itrans;calf;units;datamole;gpt4ts,,2,itrans;gpt4ts,23.0
raw,2968000,global_point,9,388,2023-11-24,0.9744583333333334,5,0,itrans;calf;units;datamole;gpt4ts,,4,itrans;calf;datamole;gpt4ts,9.0,log1p,3,388,0.944763888888889,5,0,itrans;calf;units;datamole;gpt4ts,,4,itrans;calf;datamole;gpt4ts,7.0
raw,2968000,global_point,10,367,2023-11-03,0.9728611111111112,5,0,itrans;calf;units;datamole;gpt4ts,,5,itrans;calf;units;datamole;gpt4ts,11.0,log1p,5,367,0.942347222222222,5,0,itrans;calf;units;datamole;gpt4ts,,3,calf;units;datamole,12.0
raw,2968000,global_point,11,398,2023-12-04,0.970125,5,0,itrans;calf;units;datamole;gpt4ts,,3,itrans;calf;gpt4ts,8.0,log1p,17,398,0.867388888888889,5,0,itrans;calf;units;datamole;gpt4ts,,2,units;gpt4ts,10.0
raw,2968000,global_point,12,596,2024-06-19,0.9627777777777776,3,2,itrans;datamole;gpt4ts,calf;units,2,itrans;gpt4ts,9.0,log1p,9,596,0.9316666666666666,3,2,itrans;datamole;gpt4ts,calf;units,2,itrans;datamole,21.0
raw,2968000,global_point,16,573,2024-05-27,0.935125,5,0,itrans;calf;units;datamole;gpt4ts,,4,itrans;units;datamole;gpt4ts,7.0,log1p,13,573,0.9157083333333336,5,0,itrans;calf;units;datamole;gpt4ts,,3,itrans;units;gpt4ts,2.0
raw,2968000,global_point,23,468,2024-02-12,0.8997777777777778,5,0,itrans;calf;units;datamole;gpt4ts,,3,itrans;datamole;gpt4ts,17.0,log1p,6,468,0.9384305555555554,5,0,itrans;calf;units;datamole;gpt4ts,,3,itrans;calf;gpt4ts,4.0
raw,2968000,subsequence_pattern,1,471,2024-02-15,0.9451510673234812,5,0,kmeans;dwt;calf;itrans;ocsvm,,4,dwt;calf;itrans;ocsvm,1.0,log1p,3,471,0.9400275041050904,5,0,kmeans;dwt;calf;itrans;ocsvm,,2,itrans;ocsvm,2.0
raw,2968000,subsequence_pattern,2,469,2024-02-13,0.9446949917898192,5,0,kmeans;dwt;calf;itrans;ocsvm,,4,dwt;calf;itrans;ocsvm,5.0,log1p,1,469,0.9529555966064588,5,0,kmeans;dwt;calf;itrans;ocsvm,,3,calf;itrans;ocsvm,5.0
raw,2968000,subsequence_pattern,3,468,2024-02-12,0.9165067733990148,5,0,kmeans;dwt;calf;itrans;ocsvm,,2,dwt;itrans,9.0,log1p,2,468,0.9516340996168584,5,0,kmeans;dwt;calf;itrans;ocsvm,,3,calf;itrans;ocsvm,4.0
raw,2968000,subsequence_pattern,7,388,2023-11-24,0.9069906951286262,5,0,kmeans;dwt;calf;itrans;ocsvm,,3,calf;itrans;ocsvm,8.0,log1p,5,388,0.8864202244116038,5,0,kmeans;dwt;calf;itrans;ocsvm,,3,calf;itrans;ocsvm,7.0
raw,2968000,subsequence_pattern,8,398,2023-12-04,0.8971501094690749,5,0,kmeans;dwt;calf;itrans;ocsvm,,3,calf;itrans;ocsvm,8.0,log1p,8,398,0.8682601943076081,5,0,kmeans;dwt;calf;itrans;ocsvm,,1,ocsvm,13.0
raw,2968000,subsequence_pattern,9,475,2024-02-19,0.8932598522167489,5,0,kmeans;dwt;calf;itrans;ocsvm,,0,,,log1p,4,475,0.8961262999452655,5,0,kmeans;dwt;calf;itrans;ocsvm,,0,,
raw,2968000,subsequence_pattern,10,370,2023-11-06,0.883672619047619,5,0,kmeans;dwt;calf;itrans;ocsvm,,3,calf;itrans;ocsvm,1.0,log1p,7,370,0.8751965654077724,5,0,kmeans;dwt;calf;itrans;ocsvm,,3,calf;itrans;ocsvm,4.0
raw,2968000,subsequence_pattern,12,367,2023-11-03,0.8693374384236453,5,0,kmeans;dwt;calf;itrans;ocsvm,,3,calf;itrans;ocsvm,6.0,log1p,20,367,0.8385114942528735,5,0,kmeans;dwt;calf;itrans;ocsvm,,2,calf;ocsvm,10.0
raw,2968000,subsequence_pattern,13,387,2023-11-23,0.8673562534209086,5,0,kmeans;dwt;calf;itrans;ocsvm,,1,ocsvm,21.0,log1p,23,387,0.8190797071702244,5,0,kmeans;dwt;calf;itrans;ocsvm,,2,calf;ocsvm,2.0
raw,2968000,subsequence_pattern,14,448,2024-01-23,0.8669330870279147,5,0,kmeans;dwt;calf;itrans;ocsvm,,2,dwt;itrans,17.0,log1p,10,448,0.8613948412698413,5,0,kmeans;dwt;calf;itrans;ocsvm,,0,,
raw,2968000,subsequence_pattern,16,415,2023-12-21,0.8558675424192665,5,0,kmeans;dwt;calf;itrans;ocsvm,,0,,,log1p,12,415,0.8549463601532568,5,0,kmeans;dwt;calf;itrans;ocsvm,,1,kmeans,18.0
raw,2968000,subsequence_pattern,24,577,2024-05-31,0.8144191297208538,4,1,kmeans;dwt;itrans;ocsvm,calf,2,itrans;ocsvm,6.0,log1p,24,577,0.8130069786535303,4,1,kmeans;dwt;itrans;ocsvm,calf,2,itrans;ocsvm,2.0
raw,3296000,contextual_point,1,486,2024-03-01,0.9970443349753694,5,0,dp;zms;units;isolation_forest;calf,,5,dp;zms;units;isolation_forest;calf,1.0,log1p,3,486,0.9815715654077722,5,0,dp;zms;units;isolation_forest;calf,,4,zms;units;isolation_forest;calf,1.0
raw,3296000,contextual_point,2,531,2024-04-15,0.996678297755884,5,0,dp;zms;units;isolation_forest;calf,,5,dp;zms;units;isolation_forest;calf,2.0,log1p,4,531,0.9764829638752052,5,0,dp;zms;units;isolation_forest;calf,,4,dp;zms;units;isolation_forest,1.0
raw,3296000,contextual_point,3,580,2024-06-03,0.9846743295019156,3,2,dp;zms;isolation_forest,units;calf,3,dp;zms;isolation_forest,8.0,log1p,1,580,0.9906951286261632,3,2,dp;zms;isolation_forest,units;calf,3,dp;zms;isolation_forest,2.0
raw,3296000,contextual_point,4,505,2024-03-20,0.9840671182266008,5,0,dp;zms;units;isolation_forest;calf,,5,dp;zms;units;isolation_forest;calf,5.0,log1p,15,505,0.8802972769567597,5,0,dp;zms;units;isolation_forest;calf,,2,zms;calf,11.0
raw,3296000,contextual_point,7,153,2023-04-03,0.96873460591133,5,0,dp;zms;units;isolation_forest;calf,,4,dp;zms;units;calf,8.0,log1p,5,153,0.952423713738369,5,0,dp;zms;units;isolation_forest;calf,,3,dp;zms;units,2.0
raw,3296000,contextual_point,9,596,2024-06-19,0.9677066228790366,3,2,dp;zms;isolation_forest,units;calf,3,dp;zms;isolation_forest,19.0,log1p,2,596,0.9890530925013684,3,2,dp;zms;isolation_forest,units;calf,3,dp;zms;isolation_forest,3.0
raw,3296000,contextual_point,11,561,2024-05-15,0.961374521072797,5,0,dp;zms;units;isolation_forest;calf,,4,dp;zms;isolation_forest;calf,4.0,log1p,11,561,0.8872810618500273,5,0,dp;zms;units;isolation_forest;calf,,1,zms,6.0
raw,3296000,contextual_point,14,356,2023-10-23,0.9390667761357416,5,0,dp;zms;units;isolation_forest;calf,,3,dp;zms;calf,19.0,log1p,7,356,0.9137195539135192,5,0,dp;zms;units;isolation_forest;calf,,2,dp;zms,8.0
raw,3296000,contextual_point,15,519,2024-04-03,0.931694718117132,5,0,dp;zms;units;isolation_forest;calf,,3,dp;zms;units,18.0,log1p,17,519,0.8767019020251778,5,0,dp;zms;units;isolation_forest;calf,,2,dp;zms,7.0
raw,3296000,contextual_point,17,524,2024-04-08,0.9142840038314176,5,0,dp;zms;units;isolation_forest;calf,,1,units,18.0,log1p,6,524,0.9361743979200876,5,0,dp;zms;units;isolation_forest;calf,,3,dp;zms;isolation_forest,10.0
raw,3296000,contextual_point,19,588,2024-06-11,0.9116037219485494,3,2,dp;zms;isolation_forest,units;calf,0,,,log1p,12,588,0.884783798576902,3,2,dp;zms;isolation_forest,units;calf,1,isolation_forest,22.0
raw,3296000,contextual_point,20,139,2023-03-20,0.9109554597701148,5,0,dp;zms;units;isolation_forest;calf,,0,,,log1p,16,139,0.8767788724685277,5,0,dp;zms;units;isolation_forest;calf,,1,zms,15.0
raw,3296000,contextual_point,21,260,2023-07-19,0.9065527504105092,5,0,dp;zms;units;isolation_forest;calf,,0,,,log1p,19,260,0.8710197728516693,5,0,dp;zms;units;isolation_forest;calf,,1,isolation_forest,17.0
raw,3296000,contextual_point,22,489,2024-03-04,0.9031198686371102,5,0,dp;zms;units;isolation_forest;calf,,0,,,log1p,18,489,0.8746390941434046,5,0,dp;zms;units;isolation_forest;calf,,2,zms;units,15.0
raw,3296000,contextual_point,24,202,2023-05-22,0.8957170224411604,5,0,dp;zms;units;isolation_forest;calf,,0,,,log1p,10,202,0.8885160098522167,5,0,dp;zms;units;isolation_forest;calf,,2,zms;units,12.0
raw,3296000,contextual_point,25,594,2024-06-17,0.8951833607006021,3,2,dp;zms;isolation_forest,units;calf,0,,,log1p,14,594,0.8836891078270389,3,2,dp;zms;isolation_forest,units;calf,1,zms,15.0
raw,3296000,global_point,3,531,2024-04-15,0.9929722222222224,5,0,itrans;calf;units;datamole;gpt4ts,,5,itrans;calf;units;datamole;gpt4ts,2.0,log1p,25,531,0.8081250000000001,5,0,itrans;calf;units;datamole;gpt4ts,,2,itrans;units,4.0
raw,3296000,global_point,18,547,2024-05-01,0.9127916666666666,5,0,itrans;calf;units;datamole;gpt4ts,,2,itrans;calf,9.0,log1p,5,547,0.9152638888888888,5,0,itrans;calf;units;datamole;gpt4ts,,2,calf;units,15.0
raw,3296000,global_point,21,595,2024-06-18,0.8666666666666666,3,2,itrans;datamole;gpt4ts,calf;units,0,,,log1p,1,595,0.9733333333333332,3,2,itrans;datamole;gpt4ts,calf;units,3,itrans;datamole;gpt4ts,3.0
raw,3296000,global_point,23,571,2024-05-25,0.8625694444444445,5,0,itrans;calf;units;datamole;gpt4ts,,0,,,log1p,10,571,0.864013888888889,5,0,itrans;calf;units;datamole;gpt4ts,,0,,
raw,3296000,subsequence_pattern,1,562,2024-05-16,0.9874828954570332,5,0,kmeans;dwt;calf;itrans;ocsvm,,4,dwt;calf;itrans;ocsvm,1.0,log1p,12,562,0.8672183223864259,5,0,kmeans;dwt;calf;itrans;ocsvm,,2,calf;ocsvm,1.0
raw,3296000,subsequence_pattern,2,561,2024-05-15,0.9847091543513958,5,0,kmeans;dwt;calf;itrans;ocsvm,,4,dwt;calf;itrans;ocsvm,1.0,log1p,21,561,0.8447519157088124,5,0,kmeans;dwt;calf;itrans;ocsvm,,2,itrans;ocsvm,4.0
raw,3296000,subsequence_pattern,3,580,2024-06-03,0.9679187192118228,4,1,kmeans;dwt;itrans;ocsvm,calf,3,kmeans;itrans;ocsvm,10.0,log1p,18,580,0.8515886699507389,4,1,kmeans;dwt;itrans;ocsvm,calf,2,itrans;ocsvm,3.0
raw,3296000,subsequence_pattern,4,531,2024-04-15,0.9589204296661192,5,0,kmeans;dwt;calf;itrans;ocsvm,,3,calf;itrans;ocsvm,2.0,log1p,6,531,0.8847003284072249,5,0,kmeans;dwt;calf;itrans;ocsvm,,2,itrans;ocsvm,3.0
raw,3296000,subsequence_pattern,7,521,2024-04-05,0.936647030651341,5,0,kmeans;dwt;calf;itrans;ocsvm,,3,calf;itrans;ocsvm,6.0,log1p,7,521,0.8833854679802956,5,0,kmeans;dwt;calf;itrans;ocsvm,,2,itrans;ocsvm,5.0
raw,3296000,subsequence_pattern,12,532,2024-04-16,0.9102214696223316,5,0,kmeans;dwt;calf;itrans;ocsvm,,1,ocsvm,19.0,log1p,22,532,0.8428111658456485,5,0,kmeans;dwt;calf;itrans;ocsvm,,2,itrans;ocsvm,2.0
raw,3296000,subsequence_pattern,14,472,2024-02-16,0.8918680213464695,5,0,kmeans;dwt;calf;itrans;ocsvm,,3,calf;itrans;ocsvm,4.0,log1p,2,472,0.9442299534756432,5,0,kmeans;dwt;calf;itrans;ocsvm,,3,calf;itrans;ocsvm,6.0
raw,3296000,subsequence_pattern,15,471,2024-02-15,0.8891605774493705,5,0,kmeans;dwt;calf;itrans;ocsvm,,3,calf;itrans;ocsvm,8.0,log1p,1,471,0.9469799534756432,5,0,kmeans;dwt;calf;itrans;ocsvm,,3,calf;itrans;ocsvm,4.0
raw,13400000,contextual_point,1,531,2024-04-15,0.9989771483305964,5,0,dp;zms;units;isolation_forest;calf,,5,dp;zms;units;isolation_forest;calf,1.0,log1p,2,531,0.9647338533114396,5,0,dp;zms;units;isolation_forest;calf,,4,dp;zms;units;isolation_forest,1.0
raw,13400000,contextual_point,2,153,2023-04-03,0.9970443349753694,5,0,dp;zms;units;isolation_forest;calf,,5,dp;zms;units;isolation_forest;calf,1.0,log1p,1,153,0.9845169677066228,5,0,dp;zms;units;isolation_forest;calf,,5,dp;zms;units;isolation_forest;calf,2.0
raw,13400000,contextual_point,3,55,2022-12-26,0.9812790777230432,5,0,dp;zms;units;isolation_forest;calf,,4,dp;zms;units;isolation_forest,4.0,log1p,5,55,0.9356903393541324,5,0,dp;zms;units;isolation_forest;calf,,3,dp;zms;units,3.0
raw,13400000,contextual_point,6,356,2023-10-23,0.961591748768473,5,0,dp;zms;units;isolation_forest;calf,,4,dp;zms;isolation_forest;calf,9.0,log1p,8,356,0.91665982484948,5,0,dp;zms;units;isolation_forest;calf,,2,dp;zms,4.0
raw,13400000,contextual_point,10,580,2024-06-03,0.9430760810071156,3,2,dp;zms;isolation_forest,units;calf,2,dp;zms,19.0,log1p,4,580,0.9447181171319105,3,2,dp;zms;isolation_forest,units;calf,2,dp;zms,5.0
raw,13400000,contextual_point,13,176,2023-04-26,0.9305897646414888,5,0,dp;zms;units;isolation_forest;calf,,3,dp;zms;units,19.0,log1p,7,176,0.9168702107279694,5,0,dp;zms;units;isolation_forest;calf,,3,dp;zms;units,5.0
raw,13400000,contextual_point,14,489,2024-03-04,0.925747468527641,5,0,dp;zms;units;isolation_forest;calf,,2,dp;zms,21.0,log1p,6,489,0.9318383962780514,5,0,dp;zms;units;isolation_forest;calf,,2,dp;zms,6.0
raw,13400000,contextual_point,16,323,2023-09-20,0.9204775588396276,5,0,dp;zms;units;isolation_forest;calf,,2,units;calf,11.0,log1p,25,323,0.8095939381499726,5,0,dp;zms;units;isolation_forest;calf,,0,,
raw,13400000,contextual_point,18,596,2024-06-19,0.9157088122605364,3,2,dp;zms;isolation_forest,units;calf,0,,,log1p,3,596,0.9594964422550628,3,2,dp;zms;isolation_forest,units;calf,2,zms;isolation_forest,16.0
raw,13400000,contextual_point,19,302,2023-08-30,0.9035047208538588,5,0,dp;zms;units;isolation_forest;calf,,0,,,log1p,20,302,0.8449627120963328,5,0,dp;zms;units;isolation_forest;calf,,3,zms;units;isolation_forest,8.0
raw,13400000,contextual_point,21,265,2023-07-24,0.8933087027914614,5,0,dp;zms;units;isolation_forest;calf,,0,,,log1p,13,265,0.878639846743295,5,0,dp;zms;units;isolation_forest;calf,,1,zms,11.0
raw,13400000,global_point,1,531,2024-04-15,0.9983055555555556,5,0,itrans;calf;units;datamole;gpt4ts,,5,itrans;calf;units;datamole;gpt4ts,1.0,log1p,14,531,0.7403611111111111,5,0,itrans;calf;units;datamole;gpt4ts,,1,units,17.0
raw,13400000,global_point,2,153,2023-04-03,0.9946666666666668,5,0,itrans;calf;units;datamole;gpt4ts,,5,itrans;calf;units;datamole;gpt4ts,1.0,log1p,7,153,0.7597222222222222,5,0,itrans;calf;units;datamole;gpt4ts,,3,calf;units;gpt4ts,3.0
raw,13400000,global_point,4,55,2022-12-26,0.9631805555555556,5,0,itrans;calf;units;datamole;gpt4ts,,3,itrans;units;gpt4ts,3.0,log1p,24,55,0.7248611111111112,5,0,itrans;calf;units;datamole;gpt4ts,,1,units,10.0
raw,13400000,global_point,10,514,2024-03-29,0.93325,5,0,itrans;calf;units;datamole;gpt4ts,,2,units;gpt4ts,15.0,log1p,4,514,0.7742500000000001,5,0,itrans;calf;units;datamole;gpt4ts,,2,calf;units,15.0
raw,13400000,global_point,16,365,2023-11-01,0.916875,5,0,itrans;calf;units;datamole;gpt4ts,,1,itrans,6.0,log1p,5,365,0.7735277777777778,5,0,itrans;calf;units;datamole;gpt4ts,,0,,
raw,13400000,global_point,23,301,2023-08-29,0.8731805555555556,5,0,itrans;calf;units;datamole;gpt4ts,,0,,,log1p,6,301,0.7665972222222222,5,0,itrans;calf;units;datamole;gpt4ts,,3,itrans;calf;units,1.0
raw,13400000,subsequence_pattern,6,493,2024-03-08,0.9023876573617952,5,0,kmeans;dwt;calf;itrans;ocsvm,,2,calf;ocsvm,3.0,log1p,13,493,0.836886836343733,5,0,kmeans;dwt;calf;itrans;ocsvm,,1,itrans,22.0
raw,13400000,subsequence_pattern,16,500,2024-03-15,0.8655219622331691,5,0,kmeans;dwt;calf;itrans;ocsvm,,0,,,log1p,22,500,0.8193561850027369,5,0,kmeans;dwt;calf;itrans;ocsvm,,0,,
raw,13400000,subsequence_pattern,19,489,2024-03-04,0.8604780377668308,5,0,kmeans;dwt;calf;itrans;ocsvm,,0,,,log1p,15,489,0.8356291735084838,5,0,kmeans;dwt;calf;itrans;ocsvm,,0,,
raw,13401000,contextual_point,1,531,2024-04-15,0.9993243705528188,5,0,dp;zms;units;isolation_forest;calf,,5,dp;zms;units;isolation_forest;calf,1.0,log1p,1,531,0.9930555555555556,5,0,dp;zms;units;isolation_forest;calf,,5,dp;zms;units;isolation_forest;calf,1.0
raw,13401000,contextual_point,3,402,2023-12-08,0.9676843869731802,5,0,dp;zms;units;isolation_forest;calf,,3,zms;units;calf,4.0,log1p,23,402,0.8197027230432404,5,0,dp;zms;units;isolation_forest;calf,,2,units;calf,16.0
raw,13401000,contextual_point,5,559,2024-05-13,0.9631773399014778,5,0,dp;zms;units;isolation_forest;calf,,4,dp;zms;units;isolation_forest,8.0,log1p,4,559,0.9504703749315816,5,0,dp;zms;units;isolation_forest;calf,,3,dp;zms;isolation_forest,2.0
raw,13401000,contextual_point,9,493,2024-03-08,0.9398313492063493,5,0,dp;zms;units;isolation_forest;calf,,3,dp;zms;units,17.0,log1p,10,493,0.8881328680897648,5,0,dp;zms;units;isolation_forest;calf,,1,calf,5.0
raw,13401000,contextual_point,14,311,2023-09-08,0.9245244937055282,5,0,dp;zms;units;isolation_forest;calf,,0,,,log1p,6,311,0.9353773262178436,5,0,dp;zms;units;isolation_forest;calf,,3,zms;units;isolation_forest,3.0
raw,13401000,contextual_point,15,370,2023-11-06,0.9130028735632184,5,0,dp;zms;units;isolation_forest;calf,,1,calf,17.0,log1p,20,370,0.8342313218390804,5,0,dp;zms;units;isolation_forest;calf,,3,dp;zms;units,11.0
raw,13401000,contextual_point,17,519,2024-04-03,0.9092501368363436,5,0,dp;zms;units;isolation_forest;calf,,1,dp,24.0,log1p,3,519,0.9512144225506294,5,0,dp;zms;units;isolation_forest;calf,,3,dp;zms;units,7.0
raw,13401000,contextual_point,19,153,2023-04-03,0.8903769841269842,5,0,dp;zms;units;isolation_forest;calf,,3,dp;zms;units,9.0,log1p,2,153,0.9543958675424192,5,0,dp;zms;units;isolation_forest;calf,,3,dp;zms;units,5.0
raw,13401000,contextual_point,21,514,2024-03-29,0.8794779693486591,5,0,dp;zms;units;isolation_forest;calf,,4,dp;units;isolation_forest;calf,5.0,log1p,17,514,0.8501915708812261,5,0,dp;zms;units;isolation_forest;calf,,3,dp;isolation_forest;calf,4.0
raw,13401000,contextual_point,24,356,2023-10-23,0.875080391351943,5,0,dp;zms;units;isolation_forest;calf,,2,dp;zms,17.0,log1p,11,356,0.884970238095238,5,0,dp;zms;units;isolation_forest;calf,,2,dp;zms,5.0
raw,13401000,contextual_point,25,482,2024-02-26,0.8726943076081008,5,0,dp;zms;units;isolation_forest;calf,,1,calf,21.0,log1p,13,482,0.879532703886152,5,0,dp;zms;units;isolation_forest;calf,,2,zms;calf,7.0
raw,13401000,global_point,1,531,2024-04-15,0.9996527777777778,5,0,itrans;calf;units;datamole;gpt4ts,,5,itrans;calf;units;datamole;gpt4ts,1.0,log1p,1,531,0.9793888888888892,5,0,itrans;calf;units;datamole;gpt4ts,,4,calf;units;datamole;gpt4ts,6.0
raw,13401000,global_point,3,402,2023-12-08,0.9899027777777778,5,0,itrans;calf;units;datamole;gpt4ts,,5,itrans;calf;units;datamole;gpt4ts,4.0,log1p,9,402,0.8581805555555556,5,0,itrans;calf;units;datamole;gpt4ts,,3,calf;units;gpt4ts,1.0
raw,13401000,global_point,4,365,2023-11-01,0.9850555555555556,5,0,itrans;calf;units;datamole;gpt4ts,,5,itrans;calf;units;datamole;gpt4ts,6.0,log1p,4,365,0.9017083333333332,5,0,itrans;calf;units;datamole;gpt4ts,,1,datamole,20.0
raw,13401000,global_point,7,367,2023-11-03,0.9646805555555557,5,0,itrans;calf;units;datamole;gpt4ts,,3,itrans;datamole;gpt4ts,9.0,log1p,15,367,0.8349027777777778,5,0,itrans;calf;units;datamole;gpt4ts,,1,datamole,8.0
raw,13401000,global_point,8,521,2024-04-05,0.9635,5,0,itrans;calf;units;datamole;gpt4ts,,4,itrans;calf;datamole;gpt4ts,6.0,log1p,11,521,0.8500694444444445,5,0,itrans;calf;units;datamole;gpt4ts,,1,gpt4ts,15.0
raw,13401000,global_point,11,471,2024-02-15,0.9481388888888888,5,0,itrans;calf;units;datamole;gpt4ts,,3,units;datamole;gpt4ts,17.0,log1p,10,471,0.8562361111111111,5,0,itrans;calf;units;datamole;gpt4ts,,2,itrans;gpt4ts,4.0
raw,13401000,global_point,12,513,2024-03-28,0.9362361111111112,5,0,itrans;calf;units;datamole;gpt4ts,,3,units;datamole;gpt4ts,5.0,log1p,19,513,0.8297916666666666,5,0,itrans;calf;units;datamole;gpt4ts,,2,units;gpt4ts,13.0
raw,13401000,global_point,14,171,2023-04-21,0.9219444444444445,5,0,itrans;calf;units;datamole;gpt4ts,,3,itrans;datamole;gpt4ts,18.0,log1p,25,171,0.8164999999999999,5,0,itrans;calf;units;datamole;gpt4ts,,3,itrans;datamole;gpt4ts,5.0
raw,13401000,global_point,15,178,2023-04-28,0.921625,5,0,itrans;calf;units;datamole;gpt4ts,,1,units,5.0,log1p,24,178,0.8182916666666668,5,0,itrans;calf;units;datamole;gpt4ts,,1,datamole,14.0
raw,13401000,global_point,17,493,2024-03-08,0.9167361111111112,5,0,itrans;calf;units;datamole;gpt4ts,,2,units;gpt4ts,17.0,log1p,2,493,0.9513611111111112,5,0,itrans;calf;units;datamole;gpt4ts,,3,itrans;calf;gpt4ts,5.0
raw,13401000,global_point,18,559,2024-05-13,0.9033333333333332,5,0,itrans;calf;units;datamole;gpt4ts,,2,units;gpt4ts,8.0,log1p,7,559,0.8666805555555556,5,0,itrans;calf;units;datamole;gpt4ts,,1,gpt4ts,8.0
raw,13401000,global_point,23,153,2023-04-03,0.8868055555555555,5,0,itrans;calf;units;datamole;gpt4ts,,2,units;gpt4ts,9.0,log1p,3,153,0.9449722222222222,5,0,itrans;calf;units;datamole;gpt4ts,,2,units;gpt4ts,6.0
raw,13401000,global_point,25,148,2023-03-29,0.8700138888888889,5,0,itrans;calf;units;datamole;gpt4ts,,1,gpt4ts,20.0,log1p,6,148,0.873861111111111,5,0,itrans;calf;units;datamole;gpt4ts,,0,,
raw,13401000,subsequence_pattern,1,531,2024-04-15,0.9787989189928844,5,0,kmeans;dwt;calf;itrans;ocsvm,,4,dwt;calf;itrans;ocsvm,1.0,log1p,8,531,0.8338054187192118,5,0,kmeans;dwt;calf;itrans;ocsvm,,2,calf;ocsvm,1.0
raw,13401000,subsequence_pattern,5,521,2024-04-05,0.9567558155446086,5,0,kmeans;dwt;calf;itrans;ocsvm,,4,dwt;calf;itrans;ocsvm,1.0,log1p,13,521,0.8168660372194854,5,0,kmeans;dwt;calf;itrans;ocsvm,,1,ocsvm,7.0
raw,13401000,subsequence_pattern,11,559,2024-05-13,0.8987014915161466,5,0,kmeans;dwt;calf;itrans;ocsvm,,2,kmeans;ocsvm,5.0,log1p,24,559,0.7935800492610838,5,0,kmeans;dwt;calf;itrans;ocsvm,,1,ocsvm,14.0
raw,13401000,subsequence_pattern,13,471,2024-02-15,0.8917098385331144,5,0,kmeans;dwt;calf;itrans;ocsvm,,1,ocsvm,9.0,log1p,7,471,0.8421034482758621,5,0,kmeans;dwt;calf;itrans;ocsvm,,2,itrans;ocsvm,4.0
raw,13401000,subsequence_pattern,15,493,2024-03-08,0.8741537356321839,5,0,kmeans;dwt;calf;itrans;ocsvm,,1,ocsvm,17.0,log1p,5,493,0.8507687465790914,5,0,kmeans;dwt;calf;itrans;ocsvm,,3,calf;itrans;ocsvm,5.0
raw,13401000,subsequence_pattern,17,464,2024-02-08,0.8541926655719759,5,0,kmeans;dwt;calf;itrans;ocsvm,,0,,,log1p,4,464,0.8637307744937056,5,0,kmeans;dwt;calf;itrans;ocsvm,,1,calf,14.0
raw,13401000,subsequence_pattern,21,476,2024-02-20,0.8298604953475645,5,0,kmeans;dwt;calf;itrans;ocsvm,,0,,,log1p,6,476,0.8482907772304324,5,0,kmeans;dwt;calf;itrans;ocsvm,,0,,
raw,13401000,subsequence_pattern,22,458,2024-02-02,0.8213954570333881,5,0,kmeans;dwt;calf;itrans;ocsvm,,1,itrans,23.0,log1p,1,458,0.8857067597153803,5,0,kmeans;dwt;calf;itrans;ocsvm,,1,itrans,6.0
raw,161832000,contextual_point,1,538,2024-04-22,0.9935909277504104,5,0,dp;zms;units;isolation_forest;calf,,5,dp;zms;units;isolation_forest;calf,2.0,log1p,2,538,0.9810909277504104,5,0,dp;zms;units;isolation_forest;calf,,4,dp;zms;units;isolation_forest,1.0
raw,161832000,contextual_point,2,531,2024-04-15,0.9920805966064588,5,0,dp;zms;units;isolation_forest;calf,,5,dp;zms;units;isolation_forest;calf,1.0,log1p,3,531,0.9808942255062943,5,0,dp;zms;units;isolation_forest;calf,,5,dp;zms;units;isolation_forest;calf,2.0
raw,161832000,contextual_point,5,541,2024-04-25,0.9797601943076082,5,0,dp;zms;units;isolation_forest;calf,,4,zms;units;isolation_forest;calf,6.0,log1p,22,541,0.8388204707170225,5,0,dp;zms;units;isolation_forest;calf,,1,calf,17.0
raw,161832000,contextual_point,6,596,2024-06-19,0.9797482211275316,3,2,dp;zms;isolation_forest,units;calf,3,dp;zms;isolation_forest,12.0,log1p,1,596,0.9939792008757524,3,2,dp;zms;isolation_forest,units;calf,3,dp;zms;isolation_forest,3.0
raw,161832000,contextual_point,7,580,2024-06-03,0.9775588396278052,3,2,dp;zms;isolation_forest,units;calf,2,dp;zms,8.0,log1p,5,580,0.9753694581280788,3,2,dp;zms;isolation_forest,units;calf,2,dp;zms,3.0
raw,161832000,contextual_point,8,503,2024-03-18,0.959658935413246,5,0,dp;zms;units;isolation_forest;calf,,3,dp;zms;units,10.0,log1p,6,503,0.9365455665024632,5,0,dp;zms;units;isolation_forest;calf,,2,dp;zms,4.0
raw,161832000,contextual_point,10,562,2024-05-16,0.9570231253420908,5,0,dp;zms;units;isolation_forest;calf,,3,zms;isolation_forest;calf,7.0,log1p,20,562,0.8418188970990694,5,0,dp;zms;units;isolation_forest;calf,,2,units;calf,8.0
raw,161832000,contextual_point,11,153,2023-04-03,0.9556633141762452,5,0,dp;zms;units;isolation_forest;calf,,3,dp;zms;units,10.0,log1p,8,153,0.934173166392994,5,0,dp;zms;units;isolation_forest;calf,,3,dp;zms;units,9.0
raw,161832000,contextual_point,16,587,2024-06-10,0.9302134646962232,3,2,dp;zms;isolation_forest,units;calf,0,,,log1p,4,587,0.9756431308155444,3,2,dp;zms;isolation_forest,units;calf,3,dp;zms;isolation_forest,13.0
raw,161832000,contextual_point,17,55,2022-12-26,0.927220169677066,5,0,dp;zms;units;isolation_forest;calf,,2,dp;units,15.0,log1p,16,55,0.8727148330596608,5,0,dp;zms;units;isolation_forest;calf,,3,dp;zms;units,11.0
raw,161832000,contextual_point,18,573,2024-05-27,0.926120347564313,5,0,dp;zms;units;isolation_forest;calf,,2,dp;zms,14.0,log1p,10,573,0.926176792556103,5,0,dp;zms;units;isolation_forest;calf,,2,dp;zms,7.0
raw,161832000,contextual_point,19,356,2023-10-23,0.9244577859879584,5,0,dp;zms;units;isolation_forest;calf,,0,,,log1p,7,356,0.9348778735632184,5,0,dp;zms;units;isolation_forest;calf,,2,dp;zms,13.0
raw,161832000,contextual_point,20,486,2024-03-01,0.9240079365079364,5,0,dp;zms;units;isolation_forest;calf,,0,,,log1p,21,486,0.8410406403940887,5,0,dp;zms;units;isolation_forest;calf,,0,,
raw,161832000,contextual_point,22,265,2023-07-24,0.9188235495347564,5,0,dp;zms;units;isolation_forest;calf,,0,,,log1p,11,265,0.90627565681445,5,0,dp;zms;units;isolation_forest;calf,,3,dp;zms;units,14.0
raw,161832000,global_point,13,514,2024-03-29,0.8808194444444444,5,0,itrans;calf;units;datamole;gpt4ts,,2,units;datamole,7.0,log1p,8,514,0.908875,5,0,itrans;calf;units;datamole;gpt4ts,,1,calf,1.0
raw,161832000,global_point,17,568,2024-05-22,0.8462638888888888,5,0,itrans;calf;units;datamole;gpt4ts,,3,calf;units;datamole,1.0,log1p,9,568,0.9049444444444444,5,0,itrans;calf;units;datamole;gpt4ts,,3,calf;units;gpt4ts,3.0
raw,161832000,subsequence_pattern,1,563,2024-05-17,0.9861307471264368,5,0,kmeans;dwt;calf;itrans;ocsvm,,5,kmeans;dwt;calf;itrans;ocsvm,1.0,log1p,22,563,0.8098761631089216,5,0,kmeans;dwt;calf;itrans;ocsvm,,2,itrans;ocsvm,1.0
raw,161832000,subsequence_pattern,3,584,2024-06-07,0.973721264367816,4,1,kmeans;dwt;itrans;ocsvm,calf,3,kmeans;itrans;ocsvm,1.0,log1p,4,584,0.8950738916256158,4,1,kmeans;dwt;itrans;ocsvm,calf,2,kmeans;ocsvm,1.0
raw,161832000,subsequence_pattern,4,539,2024-04-23,0.969603516694034,5,0,kmeans;dwt;calf;itrans;ocsvm,,4,dwt;calf;itrans;ocsvm,1.0,log1p,9,539,0.8676835659551176,5,0,kmeans;dwt;calf;itrans;ocsvm,,1,ocsvm,2.0
raw,161832000,subsequence_pattern,5,538,2024-04-22,0.9654133141762452,5,0,kmeans;dwt;calf;itrans;ocsvm,,4,dwt;calf;itrans;ocsvm,3.0,log1p,10,538,0.8665014367816092,5,0,kmeans;dwt;calf;itrans;ocsvm,,1,ocsvm,3.0
raw,161832000,subsequence_pattern,7,531,2024-04-15,0.9593794471811714,5,0,kmeans;dwt;calf;itrans;ocsvm,,3,calf;itrans;ocsvm,3.0,log1p,1,531,0.9013775314723592,5,0,kmeans;dwt;calf;itrans;ocsvm,,3,calf;itrans;ocsvm,4.0
raw,161832000,subsequence_pattern,9,576,2024-05-30,0.9477668308702792,4,1,kmeans;dwt;itrans;ocsvm,calf,2,itrans;ocsvm,17.0,log1p,7,576,0.8804146141215107,4,1,kmeans;dwt;itrans;ocsvm,calf,1,ocsvm,13.0
raw,161832000,subsequence_pattern,10,581,2024-06-04,0.9477298850574712,4,1,kmeans;dwt;itrans;ocsvm,calf,2,kmeans;itrans,13.0,log1p,23,581,0.8083866995073893,4,1,kmeans;dwt;itrans;ocsvm,calf,0,,
raw,161832000,subsequence_pattern,11,582,2024-06-05,0.9472516420361248,4,1,kmeans;dwt;itrans;ocsvm,calf,1,kmeans,12.0,log1p,5,582,0.8921490147783252,4,1,kmeans;dwt;itrans;ocsvm,calf,1,itrans,16.0
raw,161832000,subsequence_pattern,12,513,2024-03-28,0.9423497536945812,5,0,kmeans;dwt;calf;itrans;ocsvm,,3,calf;itrans;ocsvm,1.0,log1p,20,513,0.8149384236453201,5,0,kmeans;dwt;calf;itrans;ocsvm,,2,itrans;ocsvm,5.0
raw,161832000,subsequence_pattern,20,580,2024-06-03,0.905952380952381,4,1,kmeans;dwt;itrans;ocsvm,calf,2,kmeans;ocsvm,9.0,log1p,2,580,0.9003653530377668,4,1,kmeans;dwt;itrans;ocsvm,calf,2,itrans;ocsvm,9.0
raw,161832000,subsequence_pattern,22,503,2024-03-18,0.895813081554461,5,0,kmeans;dwt;calf;itrans;ocsvm,,2,itrans;ocsvm,13.0,log1p,3,503,0.8951807608100711,5,0,kmeans;dwt;calf;itrans;ocsvm,,1,ocsvm,12.0
raw,161832000,subsequence_pattern,25,602,2024-06-25,0.89272030651341,3,2,kmeans;dwt;ocsvm,calf;itrans,1,kmeans,18.0,log1p,13,602,0.8574165298303229,3,2,kmeans;dwt;ocsvm,calf;itrans,1,kmeans,6.0
raw,161835000,contextual_point,1,541,2024-04-25,1.0,5,0,dp;zms;units;isolation_forest;calf,,5,dp;zms;units;isolation_forest;calf,1.0,log1p,4,541,0.988120894909688,5,0,dp;zms;units;isolation_forest;calf,,5,dp;zms;units;isolation_forest;calf,1.0
raw,161835000,contextual_point,2,538,2024-04-22,0.9946514094143404,5,0,dp;zms;units;isolation_forest;calf,,5,dp;zms;units;isolation_forest;calf,2.0,log1p,1,538,0.9927083333333334,5,0,dp;zms;units;isolation_forest;calf,,5,dp;zms;units;isolation_forest;calf,1.0
raw,161835000,contextual_point,3,584,2024-06-07,0.9928845101258896,3,2,dp;zms;isolation_forest,units;calf,3,dp;zms;isolation_forest,2.0,log1p,24,584,0.8500273672687465,3,2,dp;zms;isolation_forest,units;calf,1,zms,3.0
raw,161835000,contextual_point,4,580,2024-06-03,0.9846743295019156,3,2,dp;zms;isolation_forest,units;calf,3,dp;zms;isolation_forest,5.0,log1p,2,580,0.9896004378763,3,2,dp;zms;isolation_forest,units;calf,3,dp;zms;isolation_forest,2.0
raw,161835000,contextual_point,5,513,2024-03-28,0.983991858237548,5,0,dp;zms;units;isolation_forest;calf,,5,dp;zms;units;isolation_forest;calf,5.0,log1p,10,513,0.9090346195949645,5,0,dp;zms;units;isolation_forest;calf,,3,zms;units;calf,5.0
raw,161835000,contextual_point,6,588,2024-06-11,0.9772851669403394,3,2,dp;zms;isolation_forest,units;calf,3,dp;zms;isolation_forest,8.0,log1p,14,588,0.8716475095785441,3,2,dp;zms;isolation_forest,units;calf,2,zms;isolation_forest,13.0
raw,161835000,contextual_point,7,531,2024-04-15,0.9747861932129174,5,0,dp;zms;units;isolation_forest;calf,,3,dp;zms;calf,5.0,log1p,7,531,0.9645285987958404,5,0,dp;zms;units;isolation_forest;calf,,3,dp;zms;units,4.0
raw,161835000,contextual_point,8,55,2022-12-26,0.9631790503557746,5,0,dp;zms;units;isolation_forest;calf,,3,dp;zms;units,7.0,log1p,8,55,0.945385194307608,5,0,dp;zms;units;isolation_forest;calf,,3,dp;zms;units,6.0
raw,161835000,contextual_point,10,596,2024-06-19,0.9619594964422552,3,2,dp;zms;isolation_forest,units;calf,2,zms;isolation_forest,22.0,log1p,3,596,0.988232074438971,3,2,dp;zms;isolation_forest,units;calf,3,dp;zms;isolation_forest,4.0
raw,161835000,contextual_point,11,153,2023-04-03,0.9614155719759168,5,0,dp;zms;units;isolation_forest;calf,,4,dp;zms;units;calf,10.0,log1p,6,153,0.9742234537493156,5,0,dp;zms;units;isolation_forest;calf,,4,dp;zms;units;calf,3.0
raw,161835000,contextual_point,14,542,2024-04-26,0.958420566502463,5,0,dp;zms;units;isolation_forest;calf,,3,dp;units;isolation_forest,2.0,log1p,21,542,0.8598744526546251,5,0,dp;zms;units;isolation_forest;calf,,1,isolation_forest,23.0
raw,161835000,contextual_point,16,587,2024-06-10,0.9532019704433498,3,2,dp;zms;isolation_forest,units;calf,1,zms,22.0,log1p,5,587,0.9854953475643132,3,2,dp;zms;isolation_forest,units;calf,3,dp;zms;isolation_forest,8.0
raw,161835000,contextual_point,20,559,2024-05-13,0.9302117542419266,5,0,dp;zms;units;isolation_forest;calf,,3,dp;zms;units,13.0,log1p,25,559,0.8460608237547893,5,0,dp;zms;units;isolation_forest;calf,,2,dp;zms,5.0
raw,161835000,global_point,1,538,2024-04-22,0.9949305555555557,5,0,itrans;calf;units;datamole;gpt4ts,,5,itrans;calf;units;datamole;gpt4ts,2.0,log1p,3,538,0.945375,5,0,itrans;calf;units;datamole;gpt4ts,,3,calf;units;gpt4ts,1.0
raw,161835000,global_point,2,588,2024-06-11,0.9783333333333332,3,2,itrans;datamole;gpt4ts,calf;units,2,itrans;gpt4ts,4.0,log1p,6,588,0.9044444444444444,3,2,itrans;datamole;gpt4ts,calf;units,2,itrans;gpt4ts,24.0
raw,161835000,global_point,4,531,2024-04-15,0.9652361111111112,5,0,itrans;calf;units;datamole;gpt4ts,,3,itrans;calf;gpt4ts,5.0,log1p,12,531,0.8660277777777777,5,0,itrans;calf;units;datamole;gpt4ts,,2,itrans;units,8.0
raw,161835000,global_point,7,583,2024-06-06,0.9511111111111112,3,2,itrans;datamole;gpt4ts,calf;units,2,itrans;gpt4ts,13.0,log1p,9,583,0.8766666666666666,3,2,itrans;datamole;gpt4ts,calf;units,1,itrans,15.0
raw,161835000,global_point,9,530,2024-04-14,0.944138888888889,5,0,itrans;calf;units;datamole;gpt4ts,,3,units;datamole;gpt4ts,9.0,log1p,24,530,0.7794305555555556,5,0,itrans;calf;units;datamole;gpt4ts,,3,itrans;units;gpt4ts,9.0
raw,161835000,global_point,13,587,2024-06-10,0.9311111111111112,3,2,itrans;datamole;gpt4ts,calf;units,1,datamole,24.0,log1p,22,587,0.7861111111111111,3,2,itrans;datamole;gpt4ts,calf;units,0,,
raw,161835000,global_point,16,550,2024-05-04,0.9284027777777778,5,0,itrans;calf;units;datamole;gpt4ts,,1,calf,14.0,log1p,25,550,0.7755972222222223,5,0,itrans;calf;units;datamole;gpt4ts,,1,units,20.0
raw,161835000,global_point,20,513,2024-03-28,0.919152777777778,5,0,itrans;calf;units;datamole;gpt4ts,,4,itrans;calf;units;gpt4ts,5.0,log1p,8,513,0.8819722222222222,5,0,itrans;calf;units;datamole;gpt4ts,,4,itrans;calf;units;gpt4ts,3.0
raw,161835000,global_point,25,581,2024-06-04,0.91,3,2,itrans;datamole;gpt4ts,calf;units,2,itrans;gpt4ts,9.0,log1p,13,581,0.8372222222222222,3,2,itrans;datamole;gpt4ts,calf;units,1,itrans,22.0
raw,161835000,subsequence_pattern,1,541,2024-04-25,0.9924466338259442,5,0,kmeans;dwt;calf;itrans;ocsvm,,5,kmeans;dwt;calf;itrans;ocsvm,1.0,log1p,9,541,0.9249852216748768,5,0,kmeans;dwt;calf;itrans;ocsvm,,2,calf;ocsvm,1.0
raw,161835000,subsequence_pattern,2,538,2024-04-22,0.9901240421455938,5,0,kmeans;dwt;calf;itrans;ocsvm,,5,kmeans;dwt;calf;itrans;ocsvm,1.0,log1p,14,538,0.8977329638752053,5,0,kmeans;dwt;calf;itrans;ocsvm,,2,calf;ocsvm,3.0
raw,161835000,subsequence_pattern,3,539,2024-04-23,0.9897620415982484,5,0,kmeans;dwt;calf;itrans;ocsvm,,5,kmeans;dwt;calf;itrans;ocsvm,1.0,log1p,8,539,0.9250940749863164,5,0,kmeans;dwt;calf;itrans;ocsvm,,3,calf;itrans;ocsvm,1.0
raw,161835000,subsequence_pattern,4,531,2024-04-15,0.9782153804050356,5,0,kmeans;dwt;calf;itrans;ocsvm,,4,dwt;calf;itrans;ocsvm,1.0,log1p,13,531,0.9013877257799672,5,0,kmeans;dwt;calf;itrans;ocsvm,,2,itrans;ocsvm,10.0
raw,161835000,subsequence_pattern,5,562,2024-05-16,0.960356048166393,5,0,kmeans;dwt;calf;itrans;ocsvm,,3,dwt;itrans;ocsvm,1.0,log1p,7,562,0.9408644636015326,5,0,kmeans;dwt;calf;itrans;ocsvm,,2,calf;ocsvm,8.0
raw,161835000,subsequence_pattern,6,580,2024-06-03,0.9508825944170772,4,1,kmeans;dwt;itrans;ocsvm,calf,2,itrans;ocsvm,11.0,log1p,15,580,0.8908990147783251,4,1,kmeans;dwt;itrans;ocsvm,calf,2,dwt;ocsvm,1.0
raw,161835000,subsequence_pattern,7,581,2024-06-04,0.9498501642036126,4,1,kmeans;dwt;itrans;ocsvm,calf,2,itrans;ocsvm,10.0,log1p,4,581,0.9707245484400656,4,1,kmeans;dwt;itrans;ocsvm,calf,3,dwt;itrans;ocsvm,1.0
raw,161835000,subsequence_pattern,8,584,2024-06-07,0.9490845648604268,4,1,kmeans;dwt;itrans;ocsvm,calf,2,itrans;ocsvm,1.0,log1p,1,584,0.9845874384236454,4,1,kmeans;dwt;itrans;ocsvm,calf,4,kmeans;dwt;itrans;ocsvm,1.0
raw,161835000,subsequence_pattern,11,583,2024-06-06,0.944688013136289,4,1,kmeans;dwt;itrans;ocsvm,calf,2,itrans;ocsvm,5.0,log1p,3,583,0.9738464696223316,4,1,kmeans;dwt;itrans;ocsvm,calf,3,dwt;itrans;ocsvm,1.0
raw,161835000,subsequence_pattern,12,513,2024-03-28,0.9418117131910236,5,0,kmeans;dwt;calf;itrans;ocsvm,,3,calf;itrans;ocsvm,9.0,log1p,11,513,0.9105236726874658,5,0,kmeans;dwt;calf;itrans;ocsvm,,3,calf;itrans;ocsvm,5.0
raw,161835000,subsequence_pattern,13,588,2024-06-11,0.9400472085385878,4,1,kmeans;dwt;itrans;ocsvm,calf,2,itrans;ocsvm,4.0,log1p,2,588,0.9748173234811166,4,1,kmeans;dwt;itrans;ocsvm,calf,4,kmeans;dwt;itrans;ocsvm,1.0
raw,161835000,subsequence_pattern,17,574,2024-05-28,0.9226038587848931,5,0,kmeans;dwt;calf;itrans;ocsvm,,1,calf,19.0,log1p,22,574,0.8612473316912972,5,0,kmeans;dwt;calf;itrans;ocsvm,,0,,
raw,161835000,subsequence_pattern,22,587,2024-06-10,0.9065886699507388,4,1,kmeans;dwt;itrans;ocsvm,calf,0,,,log1p,6,587,0.9647413793103448,4,1,kmeans;dwt;itrans;ocsvm,calf,2,kmeans;dwt,1.0
raw,161836000,contextual_point,1,541,2024-04-25,0.9983579638752051,5,0,dp;zms;units;isolation_forest;calf,,5,dp;zms;units;isolation_forest;calf,1.0,log1p,5,541,0.9801638615216202,5,0,dp;zms;units;isolation_forest;calf,,4,zms;units;isolation_forest;calf,3.0
raw,161836000,contextual_point,2,584,2024-06-07,0.997263273125342,3,2,dp;zms;isolation_forest,units;calf,3,dp;zms;isolation_forest,1.0,log1p,9,584,0.9490968801313628,3,2,dp;zms;isolation_forest,units;calf,1,zms,2.0
raw,161836000,contextual_point,3,538,2024-04-22,0.9936473727422004,5,0,dp;zms;units;isolation_forest;calf,,5,dp;zms;units;isolation_forest;calf,3.0,log1p,2,538,0.9923799261083744,5,0,dp;zms;units;isolation_forest;calf,,5,dp;zms;units;isolation_forest;calf,1.0
raw,161836000,contextual_point,4,580,2024-06-03,0.9890530925013684,3,2,dp;zms;isolation_forest,units;calf,3,dp;zms;isolation_forest,5.0,log1p,1,580,0.9945265462506844,3,2,dp;zms;isolation_forest,units;calf,3,dp;zms;isolation_forest,2.0
raw,161836000,contextual_point,5,588,2024-06-11,0.9808429118773946,3,2,dp;zms;isolation_forest,units;calf,3,dp;zms;isolation_forest,6.0,log1p,21,588,0.8812260536398467,3,2,dp;zms;isolation_forest,units;calf,2,zms;isolation_forest,9.0
raw,161836000,contextual_point,6,153,2023-04-03,0.9781369731800768,5,0,dp;zms;units;isolation_forest;calf,,4,dp;zms;units;calf,6.0,log1p,4,153,0.9833538587848932,5,0,dp;zms;units;isolation_forest;calf,,4,dp;zms;units;calf,1.0
raw,161836000,contextual_point,10,596,2024-06-19,0.9701696770662288,3,2,dp;zms;isolation_forest,units;calf,3,dp;zms;isolation_forest,16.0,log1p,3,596,0.9860426929392446,3,2,dp;zms;isolation_forest,units;calf,3,dp;zms;isolation_forest,5.0
raw,161836000,contextual_point,11,559,2024-05-13,0.9687807881773398,5,0,dp;zms;units;isolation_forest;calf,,3,dp;zms;calf,8.0,log1p,10,559,0.9434421182266012,5,0,dp;zms;units;isolation_forest;calf,,2,dp;zms,7.0
raw,161836000,contextual_point,13,587,2024-06-10,0.9570333880678707,3,2,dp;zms;isolation_forest,units;calf,2,dp;zms,18.0,log1p,6,587,0.9794745484400657,3,2,dp;zms;isolation_forest,units;calf,3,dp;zms;isolation_forest,11.0
raw,161836000,contextual_point,14,531,2024-04-15,0.9510245621237,5,0,dp;zms;units;isolation_forest;calf,,3,dp;zms;isolation_forest,8.0,log1p,7,531,0.971284893267652,5,0,dp;zms;units;isolation_forest;calf,,4,dp;zms;units;isolation_forest,4.0
raw,161836000,contextual_point,17,594,2024-06-17,0.9376026272577996,3,2,dp;zms;isolation_forest,units;calf,0,,,log1p,8,594,0.9523809523809524,3,2,dp;zms;isolation_forest,units;calf,2,dp;zms,13.0
raw,161836000,contextual_point,25,356,2023-10-23,0.9177014915161468,5,0,dp;zms;units;isolation_forest;calf,,0,,,log1p,11,356,0.9358784893267652,5,0,dp;zms;units;isolation_forest;calf,,3,dp;zms;calf,12.0
raw,161836000,global_point,2,541,2024-04-25,0.999,5,0,itrans;calf;units;datamole;gpt4ts,,5,itrans;calf;units;datamole;gpt4ts,1.0,log1p,13,541,0.8595694444444444,5,0,itrans;calf;units;datamole;gpt4ts,,4,itrans;calf;units;datamole,1.0
raw,161836000,global_point,3,538,2024-04-22,0.9959166666666668,5,0,itrans;calf;units;datamole;gpt4ts,,5,itrans;calf;units;datamole;gpt4ts,3.0,log1p,19,538,0.8147083333333333,5,0,itrans;calf;units;datamole;gpt4ts,,3,itrans;calf;units,2.0
raw,161836000,global_point,10,153,2023-04-03,0.9815277777777776,5,0,itrans;calf;units;datamole;gpt4ts,,5,itrans;calf;units;datamole;gpt4ts,6.0,log1p,5,153,0.8835000000000001,5,0,itrans;calf;units;datamole;gpt4ts,,2,calf;units,1.0
raw,161836000,global_point,24,595,2024-06-18,0.9177777777777778,3,2,itrans;datamole;gpt4ts,calf;units,0,,,log1p,3,595,0.8955555555555555,3,2,itrans;datamole;gpt4ts,calf;units,2,itrans;gpt4ts,4.0
raw,161836000,subsequence_pattern,1,541,2024-04-25,0.9839031198686372,5,0,kmeans;dwt;calf;itrans;ocsvm,,4,kmeans;calf;itrans;ocsvm,1.0,log1p,5,541,0.951484674329502,5,0,kmeans;dwt;calf;itrans;ocsvm,,3,calf;itrans;ocsvm,1.0
raw,161836000,subsequence_pattern,2,539,2024-04-23,0.9805903804050357,5,0,kmeans;dwt;calf;itrans;ocsvm,,4,kmeans;calf;itrans;ocsvm,2.0,log1p,7,539,0.9438686371100165,5,0,kmeans;dwt;calf;itrans;ocsvm,,2,calf;ocsvm,1.0
raw,161836000,subsequence_pattern,3,538,2024-04-22,0.9795912698412698,5,0,kmeans;dwt;calf;itrans;ocsvm,,4,kmeans;calf;itrans;ocsvm,3.0,log1p,9,538,0.939948823207444,5,0,kmeans;dwt;calf;itrans;ocsvm,,3,calf;itrans;ocsvm,3.0
raw,161836000,subsequence_pattern,4,580,2024-06-03,0.9632224958949096,4,1,kmeans;dwt;itrans;ocsvm,calf,3,dwt;itrans;ocsvm,1.0,log1p,2,580,0.9833620689655173,4,1,kmeans;dwt;itrans;ocsvm,calf,3,dwt;itrans;ocsvm,1.0
raw,161836000,subsequence_pattern,5,584,2024-06-07,0.960591133004926,4,1,kmeans;dwt;itrans;ocsvm,calf,3,dwt;itrans;ocsvm,1.0,log1p,1,584,0.9854022988505748,4,1,kmeans;dwt;itrans;ocsvm,calf,4,kmeans;dwt;itrans;ocsvm,1.0
raw,161836000,subsequence_pattern,6,581,2024-06-04,0.9559646962233168,4,1,kmeans;dwt;itrans;ocsvm,calf,3,dwt;itrans;ocsvm,1.0,log1p,4,581,0.9640270935960592,4,1,kmeans;dwt;itrans;ocsvm,calf,2,dwt;ocsvm,1.0
raw,161836000,subsequence_pattern,7,577,2024-05-31,0.9513936781609196,4,1,kmeans;dwt;itrans;ocsvm,calf,2,dwt;ocsvm,1.0,log1p,6,577,0.947434318555008,4,1,kmeans;dwt;itrans;ocsvm,calf,2,dwt;ocsvm,1.0
raw,161836000,subsequence_pattern,9,582,2024-06-05,0.9483333333333334,4,1,kmeans;dwt;itrans;ocsvm,calf,3,dwt;itrans;ocsvm,1.0,log1p,17,582,0.8787848932676519,4,1,kmeans;dwt;itrans;ocsvm,calf,2,dwt;ocsvm,1.0
raw,161836000,subsequence_pattern,10,588,2024-06-11,0.9402278325123152,4,1,kmeans;dwt;itrans;ocsvm,calf,3,dwt;itrans;ocsvm,1.0,log1p,3,588,0.97751026272578,4,1,kmeans;dwt;itrans;ocsvm,calf,4,kmeans;dwt;itrans;ocsvm,1.0
raw,161836000,subsequence_pattern,11,531,2024-04-15,0.9390831280788176,5,0,kmeans;dwt;calf;itrans;ocsvm,,1,ocsvm,7.0,log1p,12,531,0.9118921045429664,5,0,kmeans;dwt;calf;itrans;ocsvm,,1,ocsvm,10.0
raw,161836000,subsequence_pattern,20,576,2024-05-30,0.9088382594417076,4,1,kmeans;dwt;itrans;ocsvm,calf,2,dwt;ocsvm,1.0,log1p,8,576,0.9415825123152708,4,1,kmeans;dwt;itrans;ocsvm,calf,2,dwt;ocsvm,1.0
raw,161838000,contextual_point,1,531,2024-04-15,0.998667556102901,5,0,dp;zms;units;isolation_forest;calf,,5,dp;zms;units;isolation_forest;calf,1.0,log1p,1,531,0.9913382594417076,5,0,dp;zms;units;isolation_forest;calf,,5,dp;zms;units;isolation_forest;calf,1.0
raw,161838000,contextual_point,2,513,2024-03-28,0.9897629310344828,5,0,dp;zms;units;isolation_forest;calf,,5,dp;zms;units;isolation_forest;calf,1.0,log1p,11,513,0.9163297071702244,5,0,dp;zms;units;isolation_forest;calf,,2,zms;units,2.0
raw,161838000,contextual_point,3,561,2024-05-15,0.9860084838533116,5,0,dp;zms;units;isolation_forest;calf,,4,dp;zms;isolation_forest;calf,2.0,log1p,5,561,0.9570607553366172,5,0,dp;zms;units;isolation_forest;calf,,3,zms;units;isolation_forest,7.0
raw,161838000,contextual_point,4,356,2023-10-23,0.9755370826491518,5,0,dp;zms;units;isolation_forest;calf,,4,dp;zms;units;calf,9.0,log1p,3,356,0.9773570060207992,5,0,dp;zms;units;isolation_forest;calf,,5,dp;zms;units;isolation_forest;calf,3.0
raw,161838000,contextual_point,5,596,2024-06-19,0.9753694581280788,3,2,dp;zms;isolation_forest,units;calf,2,dp;zms,9.0,log1p,2,596,0.9835796387520525,3,2,dp;zms;isolation_forest,units;calf,2,dp;zms,3.0
raw,161838000,contextual_point,6,566,2024-05-20,0.9744766009852216,5,0,dp;zms;units;isolation_forest;calf,,4,dp;zms;units;calf,9.0,log1p,7,566,0.9533610426929392,5,0,dp;zms;units;isolation_forest;calf,,4,dp;zms;units;isolation_forest,3.0
raw,161838000,contextual_point,7,527,2024-04-11,0.964429392446634,5,0,dp;zms;units;isolation_forest;calf,,3,dp;zms;isolation_forest,5.0,log1p,21,527,0.8730552134646962,5,0,dp;zms;units;isolation_forest;calf,,2,zms;isolation_forest,11.0
raw,161838000,contextual_point,9,521,2024-04-05,0.959975369458128,5,0,dp;zms;units;isolation_forest;calf,,3,zms;units;calf,4.0,log1p,25,521,0.8598265599343187,5,0,dp;zms;units;isolation_forest;calf,,2,zms;units,12.0
raw,161838000,contextual_point,10,265,2023-07-24,0.958562534209086,5,0,dp;zms;units;isolation_forest;calf,,4,dp;zms;units;calf,17.0,log1p,6,265,0.9537099753694582,5,0,dp;zms;units;isolation_forest;calf,,3,dp;zms;units,8.0
raw,161838000,contextual_point,11,489,2024-03-04,0.9506140530925016,5,0,dp;zms;units;isolation_forest;calf,,3,dp;zms;units,8.0,log1p,8,489,0.9474411603721948,5,0,dp;zms;units;isolation_forest;calf,,3,dp;zms;units,8.0
raw,161838000,contextual_point,12,573,2024-05-27,0.9488214969896004,5,0,dp;zms;units;isolation_forest;calf,,2,dp;zms,16.0,log1p,9,573,0.9286535303776684,5,0,dp;zms;units;isolation_forest;calf,,2,dp;zms,8.0
raw,161838000,contextual_point,13,134,2023-03-15,0.9409636699507388,5,0,dp;zms;units;isolation_forest;calf,,1,units,15.0,log1p,12,134,0.9159294608648058,5,0,dp;zms;units;isolation_forest;calf,,1,units,9.0
raw,161838000,contextual_point,14,524,2024-04-08,0.936176108374384,5,0,dp;zms;units;isolation_forest;calf,,2,units;isolation_forest,7.0,log1p,4,524,0.964261767925561,5,0,dp;zms;units;isolation_forest;calf,,4,dp;zms;units;isolation_forest,1.0
raw,161838000,contextual_point,15,184,2023-05-04,0.933174261083744,5,0,dp;zms;units;isolation_forest;calf,,1,calf,21.0,log1p,19,184,0.8781557881773399,5,0,dp;zms;units;isolation_forest;calf,,1,calf,11.0
raw,161838000,contextual_point,16,476,2024-02-20,0.91243329228243,5,0,dp;zms;units;isolation_forest;calf,,1,calf,16.0,log1p,24,476,0.8615472769567598,5,0,dp;zms;units;isolation_forest;calf,,1,calf,13.0
raw,161838000,contextual_point,20,461,2024-02-05,0.8961018746579092,5,0,dp;zms;units;isolation_forest;calf,,1,units,24.0,log1p,10,461,0.9214850164203612,5,0,dp;zms;units;isolation_forest;calf,,3,dp;zms;units,10.0
raw,161838000,contextual_point,21,22,2022-11-23,0.8893404488232074,5,0,dp;zms;units;isolation_forest;calf,,1,zms,22.0,log1p,23,22,0.8682693623426383,5,0,dp;zms;units;isolation_forest;calf,,4,dp;zms;units;isolation_forest,8.0
raw,161838000,contextual_point,22,311,2023-09-08,0.8878232758620689,5,0,dp;zms;units;isolation_forest;calf,,0,,,log1p,22,311,0.8700704707170225,5,0,dp;zms;units;isolation_forest;calf,,1,units,15.0
raw,161838000,contextual_point,25,197,2023-05-17,0.8794437602627256,5,0,dp;zms;units;isolation_forest;calf,,0,,,log1p,16,197,0.8879840585659551,5,0,dp;zms;units;isolation_forest;calf,,1,units,6.0
raw,161838000,global_point,1,531,2024-04-15,0.9963194444444444,5,0,itrans;calf;units;datamole;gpt4ts,,5,itrans;calf;units;datamole;gpt4ts,1.0,log1p,1,531,0.968,5,0,itrans;calf;units;datamole;gpt4ts,,3,calf;units;gpt4ts,3.0
raw,161838000,global_point,2,513,2024-03-28,0.995625,5,0,itrans;calf;units;datamole;gpt4ts,,5,itrans;calf;units;datamole;gpt4ts,1.0,log1p,5,513,0.9295694444444444,5,0,itrans;calf;units;datamole;gpt4ts,,2,units;gpt4ts,2.0
raw,161838000,global_point,3,561,2024-05-15,0.9869444444444444,5,0,itrans;calf;units;datamole;gpt4ts,,4,itrans;calf;datamole;gpt4ts,2.0,log1p,2,561,0.9633333333333332,5,0,itrans;calf;units;datamole;gpt4ts,,3,itrans;units;gpt4ts,2.0
raw,161838000,global_point,4,521,2024-04-05,0.9813333333333332,5,0,itrans;calf;units;datamole;gpt4ts,,5,itrans;calf;units;datamole;gpt4ts,4.0,log1p,4,521,0.9437083333333334,5,0,itrans;calf;units;datamole;gpt4ts,,3,units;datamole;gpt4ts,9.0
raw,161838000,global_point,6,566,2024-05-20,0.9685833333333334,5,0,itrans;calf;units;datamole;gpt4ts,,4,itrans;calf;units;gpt4ts,10.0,log1p,3,566,0.9545416666666666,5,0,itrans;calf;units;datamole;gpt4ts,,4,itrans;units;datamole;gpt4ts,2.0
raw,161838000,global_point,7,356,2023-10-23,0.9603055555555556,5,0,itrans;calf;units;datamole;gpt4ts,,4,itrans;calf;units;gpt4ts,10.0,log1p,6,356,0.927527777777778,5,0,itrans;calf;units;datamole;gpt4ts,,3,itrans;calf;units,16.0
raw,161838000,global_point,8,527,2024-04-11,0.9575,5,0,itrans;calf;units;datamole;gpt4ts,,2,itrans;gpt4ts,5.0,log1p,13,527,0.8432916666666666,5,0,itrans;calf;units;datamole;gpt4ts,,1,gpt4ts,9.0
raw,161838000,global_point,9,576,2024-05-30,0.9538888888888888,3,2,itrans;datamole;gpt4ts,calf;units,2,itrans;gpt4ts,5.0,log1p,8,576,0.9205555555555556,3,2,itrans;datamole;gpt4ts,calf;units,2,itrans;gpt4ts,7.0
raw,161838000,global_point,11,577,2024-05-31,0.9255555555555556,3,2,itrans;datamole;gpt4ts,calf;units,0,,,log1p,15,577,0.8366666666666668,3,2,itrans;datamole;gpt4ts,calf;units,1,gpt4ts,20.0
raw,161838000,global_point,12,524,2024-04-08,0.9249166666666668,5,0,itrans;calf;units;datamole;gpt4ts,,2,units;datamole,7.0,log1p,23,524,0.8018611111111111,5,0,itrans;calf;units;datamole;gpt4ts,,2,itrans;units,1.0
raw,161838000,global_point,13,489,2024-03-04,0.912513888888889,5,0,itrans;calf;units;datamole;gpt4ts,,2,itrans;units,8.0,log1p,22,489,0.8027777777777778,5,0,itrans;calf;units;datamole;gpt4ts,,3,itrans;units;gpt4ts,5.0
raw,161838000,global_point,14,573,2024-05-27,0.9100694444444444,5,0,itrans;calf;units;datamole;gpt4ts,,1,gpt4ts,13.0,log1p,9,573,0.8983333333333332,5,0,itrans;calf;units;datamole;gpt4ts,,2,itrans;gpt4ts,12.0
raw,161838000,global_point,15,323,2023-09-20,0.8955,5,0,itrans;calf;units;datamole;gpt4ts,,2,units;gpt4ts,9.0,log1p,10,323,0.881875,5,0,itrans;calf;units;datamole;gpt4ts,,1,units,18.0
raw,161838000,global_point,18,563,2024-05-17,0.8709999999999999,5,0,itrans;calf;units;datamole;gpt4ts,,3,itrans;datamole;gpt4ts,1.0,log1p,7,563,0.921638888888889,5,0,itrans;calf;units;datamole;gpt4ts,,1,gpt4ts,4.0
raw,161838000,global_point,21,538,2024-04-22,0.8404444444444443,5,0,itrans;calf;units;datamole;gpt4ts,,1,gpt4ts,24.0,log1p,17,538,0.8200555555555555,5,0,itrans;calf;units;datamole;gpt4ts,,1,units,3.0
raw,161838000,global_point,22,476,2024-02-20,0.8398749999999999,5,0,itrans;calf;units;datamole;gpt4ts,,1,calf,16.0,log1p,16,476,0.8330694444444445,5,0,itrans;calf;units;datamole;gpt4ts,,1,calf,13.0
raw,161838000,subsequence_pattern,1,562,2024-05-16,0.9830493979200876,5,0,kmeans;dwt;calf;itrans;ocsvm,,4,dwt;calf;itrans;ocsvm,1.0,log1p,4,562,0.943269362342638,5,0,kmeans;dwt;calf;itrans;ocsvm,,3,dwt;itrans;ocsvm,1.0
raw,161838000,subsequence_pattern,2,561,2024-05-15,0.9804163245758074,5,0,kmeans;dwt;calf;itrans;ocsvm,,4,dwt;calf;itrans;ocsvm,1.0,log1p,2,561,0.9669835112205802,5,0,kmeans;dwt;calf;itrans;ocsvm,,3,dwt;itrans;ocsvm,1.0
raw,161838000,subsequence_pattern,3,576,2024-05-30,0.9757553366174057,4,1,kmeans;dwt;itrans;ocsvm,calf,3,kmeans;itrans;ocsvm,5.0,log1p,1,576,0.9719745484400656,4,1,kmeans;dwt;itrans;ocsvm,calf,3,dwt;itrans;ocsvm,1.0
raw,161838000,subsequence_pattern,4,566,2024-05-20,0.972578954570334,5,0,kmeans;dwt;calf;itrans;ocsvm,,4,dwt;calf;itrans;ocsvm,1.0,log1p,3,566,0.9472532156540776,5,0,kmeans;dwt;calf;itrans;ocsvm,,3,dwt;itrans;ocsvm,1.0
raw,161838000,subsequence_pattern,5,563,2024-05-17,0.9712570470717022,5,0,kmeans;dwt;calf;itrans;ocsvm,,3,dwt;itrans;ocsvm,1.0,log1p,6,563,0.9382686781609196,5,0,kmeans;dwt;calf;itrans;ocsvm,,2,dwt;ocsvm,1.0
raw,161838000,subsequence_pattern,7,531,2024-04-15,0.9554909688013136,5,0,kmeans;dwt;calf;itrans;ocsvm,,3,calf;itrans;ocsvm,1.0,log1p,5,531,0.9421356732348112,5,0,kmeans;dwt;calf;itrans;ocsvm,,2,calf;ocsvm,2.0
raw,161838000,subsequence_pattern,8,596,2024-06-19,0.9541235632183908,4,1,kmeans;dwt;itrans;ocsvm,calf,3,kmeans;itrans;ocsvm,9.0,log1p,18,596,0.8644663382594417,4,1,kmeans;dwt;itrans;ocsvm,calf,2,kmeans;ocsvm,9.0
raw,161838000,subsequence_pattern,9,575,2024-05-29,0.9467449370552818,5,0,kmeans;dwt;calf;itrans;ocsvm,,2,kmeans;dwt,9.0,log1p,8,575,0.931163382594417,5,0,kmeans;dwt;calf;itrans;ocsvm,,1,dwt,1.0
raw,161838000,subsequence_pattern,11,521,2024-04-05,0.9340728653530376,5,0,kmeans;dwt;calf;itrans;ocsvm,,3,calf;itrans;ocsvm,4.0,log1p,22,521,0.8522349480021892,5,0,kmeans;dwt;calf;itrans;ocsvm,,1,ocsvm,5.0
raw,161838000,subsequence_pattern,13,577,2024-05-31,0.9196551724137932,4,1,kmeans;dwt;itrans;ocsvm,calf,1,kmeans,22.0,log1p,10,577,0.88876026272578,4,1,kmeans;dwt;itrans;ocsvm,calf,1,dwt,1.0
raw,161838000,subsequence_pattern,14,573,2024-05-27,0.9191002326217844,5,0,kmeans;dwt;calf;itrans;ocsvm,,2,kmeans;dwt,9.0,log1p,7,573,0.9363121237000548,5,0,kmeans;dwt;calf;itrans;ocsvm,,2,dwt;itrans,1.0
raw,161838000,subsequence_pattern,17,602,2024-06-25,0.8787629994526546,3,2,kmeans;dwt;ocsvm,calf;itrans,0,,,log1p,11,602,0.8877941981390257,3,2,kmeans;dwt;ocsvm,calf;itrans,1,kmeans,4.0
raw,161838000,subsequence_pattern,18,597,2024-06-20,0.8778489326765189,4,1,kmeans;dwt;itrans;ocsvm,calf,0,,,log1p,9,597,0.8893555008210181,4,1,kmeans;dwt;itrans;ocsvm,calf,1,kmeans,13.0
raw,161838000,subsequence_pattern,20,524,2024-04-08,0.8748899835796389,5,0,kmeans;dwt;calf;itrans;ocsvm,,0,,,log1p,19,524,0.854982621784346,5,0,kmeans;dwt;calf;itrans;ocsvm,,1,itrans,18.0
raw,161838000,subsequence_pattern,22,535,2024-04-19,0.8665426245210728,5,0,kmeans;dwt;calf;itrans;ocsvm,,0,,,log1p,13,535,0.8690901067323482,5,0,kmeans;dwt;calf;itrans;ocsvm,,0,,
raw,330387000,contextual_point,1,499,2024-03-14,0.9973351122058018,5,0,dp;zms;units;isolation_forest;calf,,5,dp;zms;units;isolation_forest;calf,2.0,log1p,21,499,0.8511117952928299,5,0,dp;zms;units;isolation_forest;calf,,1,zms,19.0
raw,330387000,contextual_point,2,486,2024-03-01,0.9957307060755336,5,0,dp;zms;units;isolation_forest;calf,,5,dp;zms;units;isolation_forest;calf,1.0,log1p,17,486,0.8741430623973727,5,0,dp;zms;units;isolation_forest;calf,,1,calf,2.0
raw,330387000,contextual_point,4,314,2023-09-11,0.9880832649151614,5,0,dp;zms;units;isolation_forest;calf,,5,dp;zms;units;isolation_forest;calf,3.0,log1p,1,314,0.9907190749863164,5,0,dp;zms;units;isolation_forest;calf,,5,dp;zms;units;isolation_forest;calf,1.0
raw,330387000,contextual_point,7,100,2023-02-09,0.975762862616311,5,0,dp;zms;units;isolation_forest;calf,,4,dp;zms;units;calf,6.0,log1p,3,100,0.9701508620689656,5,0,dp;zms;units;isolation_forest;calf,,4,dp;zms;units;isolation_forest,5.0
raw,330387000,contextual_point,8,561,2024-05-15,0.9744766009852216,5,0,dp;zms;units;isolation_forest;calf,,4,dp;zms;units;calf,6.0,log1p,18,561,0.861586617405583,5,0,dp;zms;units;isolation_forest;calf,,0,,
raw,330387000,contextual_point,9,279,2023-08-07,0.9605808702791462,5,0,dp;zms;units;isolation_forest;calf,,3,zms;units;calf,8.0,log1p,5,279,0.9641437465790916,5,0,dp;zms;units;isolation_forest;calf,,4,dp;zms;units;isolation_forest,4.0
raw,330387000,contextual_point,11,184,2023-05-04,0.9530172413793104,5,0,dp;zms;units;isolation_forest;calf,,3,dp;zms;calf,7.0,log1p,15,184,0.8917521893814996,5,0,dp;zms;units;isolation_forest;calf,,0,,
raw,330387000,contextual_point,15,596,2024-06-19,0.9490968801313628,3,2,dp;zms;isolation_forest,units;calf,0,,,log1p,2,596,0.9841269841269842,3,2,dp;zms;isolation_forest,units;calf,3,dp;zms;isolation_forest,7.0
raw,330387000,contextual_point,16,538,2024-04-22,0.9458470169677066,5,0,dp;zms;units;isolation_forest;calf,,2,dp;zms,15.0,log1p,16,538,0.8801347837985769,5,0,dp;zms;units;isolation_forest;calf,,4,dp;zms;units;isolation_forest,3.0
raw,330387000,contextual_point,18,356,2023-10-23,0.9347376163108922,5,0,dp;zms;units;isolation_forest;calf,,1,calf,22.0,log1p,8,356,0.9575003420908594,5,0,dp;zms;units;isolation_forest;calf,,2,dp;zms,7.0
raw,330387000,contextual_point,20,22,2022-11-23,0.9259715380405036,5,0,dp;zms;units;isolation_forest;calf,,1,zms,24.0,log1p,10,22,0.9370039682539684,5,0,dp;zms;units;isolation_forest;calf,,4,dp;zms;units;isolation_forest,5.0
raw,330387000,contextual_point,21,580,2024-06-03,0.9255610290093048,3,2,dp;zms;isolation_forest,units;calf,1,zms,25.0,log1p,4,580,0.9693486590038316,3,2,dp;zms;isolation_forest,units;calf,2,dp;zms,6.0
raw,330387000,contextual_point,25,153,2023-04-03,0.9200157361795294,5,0,dp;zms;units;isolation_forest;calf,,1,units,22.0,log1p,9,153,0.9466355363984676,5,0,dp;zms;units;isolation_forest;calf,,3,dp;zms;units,7.0
raw,330387000,global_point,2,314,2023-09-11,0.9425972222222224,5,0,itrans;calf;units;datamole;gpt4ts,,3,itrans;calf;units,3.0,log1p,9,314,0.8210277777777778,5,0,itrans;calf;units;datamole;gpt4ts,,3,itrans;calf;units,1.0
raw,330387000,global_point,4,544,2024-04-28,0.9309583333333334,5,0,itrans;calf;units;datamole;gpt4ts,,2,calf;gpt4ts,20.0,log1p,10,544,0.8170833333333334,5,0,itrans;calf;units;datamole;gpt4ts,,1,datamole,22.0
raw,330387000,global_point,5,514,2024-03-29,0.9290833333333334,5,0,itrans;calf;units;datamole;gpt4ts,,1,units,10.0,log1p,4,514,0.8756527777777776,5,0,itrans;calf;units;datamole;gpt4ts,,2,itrans;calf,1.0
raw,330387000,global_point,8,153,2023-04-03,0.8964722222222221,5,0,itrans;calf;units;datamole;gpt4ts,,1,units,22.0,log1p,5,153,0.8461527777777779,5,0,itrans;calf;units;datamole;gpt4ts,,3,itrans;units;gpt4ts,2.0
raw,330387000,global_point,9,499,2024-03-14,0.8953055555555556,5,0,itrans;calf;units;datamole;gpt4ts,,4,itrans;calf;units;gpt4ts,1.0,log1p,14,499,0.8039722222222222,5,0,itrans;calf;units;datamole;gpt4ts,,2,itrans;gpt4ts,1.0
raw,330387000,global_point,15,279,2023-08-07,0.8377500000000001,5,0,itrans;calf;units;datamole;gpt4ts,,2,calf;units,8.0,log1p,24,279,0.7769861111111112,5,0,itrans;calf;units;datamole;gpt4ts,,2,units;gpt4ts,6.0
raw,330387000,global_point,20,387,2023-11-23,0.8282083333333332,5,0,itrans;calf;units;datamole;gpt4ts,,4,itrans;calf;units;gpt4ts,4.0,log1p,23,387,0.7773194444444445,5,0,itrans;calf;units;datamole;gpt4ts,,3,itrans;calf;gpt4ts,3.0
raw,330387000,global_point,23,529,2024-04-13,0.8219444444444445,5,0,itrans;calf;units;datamole;gpt4ts,,2,datamole;gpt4ts,5.0,log1p,22,529,0.7780972222222222,5,0,itrans;calf;units;datamole;gpt4ts,,1,datamole,20.0
raw,330387000,global_point,24,530,2024-04-14,0.8166527777777777,5,0,itrans;calf;units;datamole;gpt4ts,,1,gpt4ts,11.0,log1p,2,530,0.8848333333333335,5,0,itrans;calf;units;datamole;gpt4ts,,1,datamole,2.0
raw,330387000,subsequence_pattern,1,561,2024-05-15,0.9788056923918994,5,0,kmeans;dwt;calf;itrans;ocsvm,,5,kmeans;dwt;calf;itrans;ocsvm,1.0,log1p,18,561,0.8366018746579093,5,0,kmeans;dwt;calf;itrans;ocsvm,,1,ocsvm,6.0
raw,330387000,subsequence_pattern,2,584,2024-06-07,0.9733107553366174,4,1,kmeans;dwt;itrans;ocsvm,calf,3,kmeans;itrans;ocsvm,2.0,log1p,5,584,0.8864306239737274,4,1,kmeans;dwt;itrans;ocsvm,calf,1,ocsvm,1.0
raw,330387000,subsequence_pattern,4,539,2024-04-23,0.9638485905856596,5,0,kmeans;dwt;calf;itrans;ocsvm,,4,dwt;calf;itrans;ocsvm,3.0,log1p,11,539,0.853919471811713,5,0,kmeans;dwt;calf;itrans;ocsvm,,2,calf;ocsvm,9.0
raw,330387000,subsequence_pattern,12,499,2024-03-14,0.9297020388615216,5,0,kmeans;dwt;calf;itrans;ocsvm,,3,calf;itrans;ocsvm,1.0,log1p,2,499,0.9066594143404488,5,0,kmeans;dwt;calf;itrans;ocsvm,,2,itrans;ocsvm,2.0
raw,330387000,subsequence_pattern,14,580,2024-06-03,0.9197721674876848,4,1,kmeans;dwt;itrans;ocsvm,calf,2,kmeans;ocsvm,11.0,log1p,14,580,0.8508620689655173,4,1,kmeans;dwt;itrans;ocsvm,calf,0,,
raw,330387000,subsequence_pattern,15,500,2024-03-15,0.9150580186097428,5,0,kmeans;dwt;calf;itrans;ocsvm,,2,calf;ocsvm,7.0,log1p,24,500,0.8228287493158183,5,0,kmeans;dwt;calf;itrans;ocsvm,,1,ocsvm,10.0
raw,330387000,subsequence_pattern,16,576,2024-05-30,0.9048830049261084,4,1,kmeans;dwt;itrans;ocsvm,calf,1,kmeans,10.0,log1p,13,576,0.8523830049261083,4,1,kmeans;dwt;itrans;ocsvm,calf,0,,
raw,330387000,subsequence_pattern,18,486,2024-03-01,0.9039310344827586,5,0,kmeans;dwt;calf;itrans;ocsvm,,3,calf;itrans;ocsvm,1.0,log1p,1,486,0.9124376710454296,5,0,kmeans;dwt;calf;itrans;ocsvm,,2,calf;ocsvm,2.0
raw,330387000,subsequence_pattern,23,577,2024-05-31,0.8788567323481117,4,1,kmeans;dwt;itrans;ocsvm,calf,1,kmeans,16.0,log1p,17,577,0.8429125615763546,4,1,kmeans;dwt;itrans;ocsvm,calf,0,,
